time_h,sat_Vladimir,sat_Murmansk,sat_Novosibirsk,sat_Zheleznogorsk,sat_Yakutsk,sat_Khabarovsk,sat_Vladivostok,sat_Minsk,sat_Almaty,sat_Tehran,sat_Urumqi,sat_Delhi,sat_Yangon,sat_Jakarta,sat_Luanda,sat_Nairobi,sat_Johannesburg,sat_Havana,sat_Caracas,sat_Buenos_Aires,dist_km_Vladimir,dist_km_Murmansk,dist_km_Novosibirsk,dist_km_Zheleznogorsk,dist_km_Yakutsk,dist_km_Khabarovsk,dist_km_Vladivostok,dist_km_Minsk,dist_km_Almaty,dist_km_Tehran,dist_km_Urumqi,dist_km_Delhi,dist_km_Yangon,dist_km_Jakarta,dist_km_Luanda,dist_km_Nairobi,dist_km_Johannesburg,dist_km_Havana,dist_km_Caracas,dist_km_Buenos_Aires
0.0000,103,84,26,143,66,67,182,287,142,122,27,141,161,30,119,120,138,188,189,58,1150.93,1030.98,1192.06,1071.40,1073.95,1194.55,998.54,1218.74,1104.16,1045.91,1007.62,1049.60,991.50,1039.32,1115.83,1315.10,1532.10,1582.39,1012.99,1083.69
0.1667,101,4,141,141,162,65,65,285,140,120,25,159,179,28,117,138,269,186,187,56,1032.75,1011.38,1180.80,1032.66,1104.63,1090.51,1029.71,1066.68,1029.46,1035.96,1004.02,1215.90,1032.52,1074.92,1021.95,1109.89,1364.30,1409.66,1024.42,1253.32
0.3333,119,2,159,159,160,63,63,283,158,138,23,157,25,195,115,136,267,37,185,188,1001.23,1004.14,1045.99,1089.62,1143.32,1082.86,1065.26,1001.74,1065.20,1146.90,1110.64,1464.66,1153.40,1215.71,1078.15,1027.86,1215.90,1309.98,1177.99,1224.34
0.5000,117,0,157,41,178,61,61,281,21,2,21,22,23,193,113,134,133,35,183,186,1067.20,1075.25,994.01,1024.48,1260.50,1170.32,1201.45,1037.45,1149.94,1347.48,1297.42,1466.26,1135.24,1353.56,1263.38,1097.16,1115.40,1143.18,1427.04,1112.28
0.6667,19,18,155,59,99,195,79,115,39,0,175,20,21,192,111,132,131,33,53,184,1056.47,1209.20,1040.79,1004.81,1332.96,1310.36,1406.33,1026.53,1233.67,1270.18,1320.28,1305.72,1246.09,1402.43,1529.98,1293.22,1031.30,1089.21,1347.98,1112.70
0.8333,17,95,57,57,97,213,213,113,37,18,173,38,39,190,260,130,129,31,51,182,1050.01,1185.32,1173.52,1080.28,1152.52,1284.00,1342.21,1015.98,1397.76,1295.44,1144.98,1244.72,1454.95,1331.01,1570.50,1568.27,1081.99,1166.42,1148.40,1228.29
1.0000,15,93,55,172,95,211,211,111,36,16,171,36,189,188,278,299,127,197,49,66,1135.25,1076.76,1190.47,1196.89,1034.08,1280.96,1174.04,1102.46,1349.03,1415.23,1049.09,1295.21,1447.64,1377.20,1569.47,1462.79,1248.59,1157.63,1064.66,1090.08
1.1667,130,91,53,170,93,94,209,109,34,15,169,168,187,57,277,297,278,195,47,64,1214.69,1040.45,1289.74,1059.49,997.62,1214.06,1085.77,1268.68,1242.44,1327.59,1058.52,1231.95,1245.86,1169.05,1375.30,1215.76,1299.94,1183.50,1124.54,1056.38
1.3333,128,30,168,168,188,92,207,292,32,13,52,166,185,55,275,295,276,193,214,62,1086.85,1017.98,1288.31,1000.22,1013.34,1056.72,1100.70,1425.77,1226.62,1186.19,1110.50,1273.95,1144.23,1041.85,1159.22,1065.90,1352.08,1323.29,1095.85,1143.58
1.5000,126,28,166,166,186,90,205,106,165,11,50,31,183,53,273,293,274,24,212,215,1035.75,1029.27,1147.12,1036.05,1053.58,994.18,1218.07,1393.42,1262.84,1147.07,1151.75,1210.80,1171.39,1060.21,1053.65,1056.52,1503.65,1468.76,1093.13,1296.81
1.6667,124,26,164,67,184,88,88,8,163,9,48,29,50,51,271,291,159,42,210,213,1075.77,1117.67,1075.88,1140.70,1175.89,1040.44,1308.68,1255.23,1321.10,1217.36,1285.87,1233.92,1025.47,1218.09,1092.88,1191.23,1302.74,1611.65,1226.47,1104.57
1.8333,122,24,46,65,182,202,202,6,46,141,162,161,48,219,269,158,157,40,208,211,1200.49,1265.60,1078.50,1103.46,1359.81,1077.43,1386.57,1087.21,1450.82,1345.44,1365.27,1228.10,995.13,1365.31,1264.28,1364.61,1111.68,1476.56,1457.46,1006.12
2.0000,23,101,44,63,103,200,85,4,160,159,45,179,46,217,137,157,155,206,207,209,1196.19,1119.02,1099.74,1156.92,1186.30,1141.29,1284.87,1000.66,1283.05,1196.62,1321.34,1243.21,1111.38,1143.94,1277.89,1410.53,1033.57,1328.96,1494.95,1032.62
2.1667,21,119,42,61,101,218,83,2,178,157,43,177,44,215,135,155,153,204,75,207,1258.30,1024.77,1202.32,1287.38,1065.98,1295.09,1157.90,1013.64,1152.54,1144.80,1264.87,1367.50,1334.46,1036.39,1217.68,1245.08,1090.54,1107.86,1477.67,1178.53
2.3333,137,117,40,196,119,100,81,0,41,155,195,175,194,213,133,153,285,202,73,91,1263.41,1006.40,1365.15,1195.61,1027.59,1402.16,1127.12,1119.63,1112.32,1205.72,1287.63,1576.86,1541.45,1077.23,1284.75,1196.94,1094.12,994.62,1401.07,1324.16
2.5000,135,57,175,194,215,118,99,18,59,39,193,40,212,211,282,151,283,200,71,89,1209.76,1057.87,1244.64,1124.21,1004.31,1222.56,1196.92,1293.02,1018.63,1161.09,1324.93,1307.64,1612.32,1251.25,1379.11,1279.70,1035.19,1023.56,1434.64,1320.69
2.6667,36,55,173,192,213,116,97,133,57,37,76,58,210,79,280,149,281,51,70,87,1192.16,1087.07,1177.75,1133.65,1041.46,1122.18,1348.73,1241.43,1037.59,1018.79,1378.76,1100.83,1526.68,1341.65,1149.59,1471.10,1111.13,1091.58,1372.15,1414.20
2.8333,34,33,74,74,211,230,230,131,55,35,190,56,76,77,298,18,299,49,68,86,1076.66,1149.54,1111.14,1131.36,1159.47,1086.54,1470.86,1130.38,1160.41,996.64,1308.61,1000.74,1350.74,1341.53,1027.20,1273.77,1300.50,1164.18,1194.00,1360.61
3.0000,32,130,72,72,209,228,228,129,53,33,188,54,74,75,296,16,164,47,66,84,1046.63,1224.56,1009.35,1176.93,1338.84,999.14,1260.12,1104.79,1356.02,1098.78,1157.90,1036.16,1200.26,1456.00,1051.78,1135.54,1503.35,1349.01,1132.14,1195.94
3.1667,30,128,70,70,110,226,226,30,186,166,186,185,205,74,294,14,162,45,64,82,1106.08,1088.09,1003.88,1292.97,1254.15,1017.10,1112.31,1088.89,1291.99,1167.84,1095.76,1007.76,1160.39,1289.86,1215.21,1130.64,1349.98,1608.81,1206.16,1130.53
3.3333,28,126,68,185,128,224,224,28,184,164,69,183,203,221,141,12,160,230,231,80,1239.28,1011.98,1093.16,1202.74,1167.58,1138.55,1058.40,1072.96,1106.25,1024.32,1064.13,1042.26,1060.66,1164.47,1086.45,1260.93,1295.94,1430.33,1127.98,1178.33
3.5000,143,124,66,183,126,107,107,26,182,162,67,181,201,239,159,160,178,228,229,98,1131.68,1012.18,1254.20,1121.96,1131.32,1254.19,1003.90,1150.92,1002.41,995.36,1031.78,1201.35,1100.12,1041.46,996.90,1066.28,1351.20,1230.12,1144.48,1324.31
3.6667,141,44,181,181,221,105,105,24,180,160,65,199,219,237,157,178,177,226,227,230,1055.38,1016.78,1133.46,1128.62,1105.08,1220.55,1009.65,1303.36,1010.30,1093.50,1108.55,1446.01,1267.38,1065.06,1061.04,989.75,1433.54,1132.38,1289.20,1401.22
3.8333,159,42,199,83,239,103,103,159,63,44,63,64,65,235,155,176,175,77,225,228,1071.44,1026.70,1039.54,1071.03,1134.40,1272.59,1124.62,1191.35,1029.39,1217.46,1271.66,1346.90,1350.30,1225.99,1254.37,1070.01,1254.61,1054.49,1524.70,1286.84
4.0000,41,40,197,81,237,257,101,157,61,42,217,62,63,233,153,174,6,75,95,226,1053.46,1110.11,1038.37,1004.43,1236.84,1260.07,1317.34,1052.62,1091.01,1109.38,1341.10,1158.06,1447.87,1478.88,1527.14,1277.40,1155.96,993.19,1276.92,1269.48
4.1667,59,156,99,99,139,255,255,155,79,40,215,60,233,232,3,22,4,73,93,110,997.17,1227.90,1098.90,1033.17,1281.16,1142.38,1332.15,997.44,1246.16,1116.22,1142.52,1075.62,1622.09,1601.12,1352.77,1191.79,1095.98,1075.19,1070.36,1219.82
4.3333,57,154,97,97,137,253,253,153,77,58,213,78,231,81,1,20,2,71,91,108,1038.46,1112.69,1069.10,1147.14,1128.11,1109.82,1137.66,1042.63,1462.40,1233.21,1017.02,1120.84,1341.70,1359.26,1121.16,1023.64,1163.94,1274.90,986.85,1052.32
4.5000,55,152,95,212,135,251,251,151,211,190,211,210,229,99,19,38,0,237,89,106,1164.12,1057.78,1133.22,1126.11,1043.16,1172.88,1018.84,1179.36,1299.40,1225.49,997.04,1061.59,1123.88,1125.16,999.00,998.71,1342.49,1399.71,1057.69,998.46
4.6667,170,72,93,210,133,134,249,53,209,188,94,208,227,97,17,36,18,235,256,104,1106.54,1051.89,1274.52,1023.05,1040.61,1122.75,1007.22,1299.65,1153.02,1112.61,1021.42,1104.07,1013.36,1000.65,1027.91,1126.79,1596.10,1519.56,1006.90,1072.48
4.8333,168,70,208,208,228,132,132,51,207,186,92,206,225,95,164,184,183,253,254,102,1010.05,999.14,1147.51,1010.26,1067.28,1028.51,1088.61,1421.85,1093.59,1108.62,1033.18,1263.32,1047.31,1027.87,1098.79,1197.42,1556.97,1546.87,1009.44,1248.79
5.0000,166,68,206,206,226,130,130,166,205,184,90,71,92,93,162,182,181,84,252,255,1004.71,1027.89,1033.22,1093.86,1137.19,1037.72,1136.79,1282.90,1138.44,1217.54,1151.02,1460.01,1072.19,1197.09,1143.39,1112.26,1285.04,1406.38,1157.26,1155.13
5.1667,164,66,204,107,224,128,128,164,88,182,88,203,90,91,160,180,199,82,250,253,1094.88,1130.26,1005.96,1034.58,1281.25,1144.64,1278.36,1133.14,1250.80,1415.59,1344.26,1450.32,1045.65,1459.64,1312.67,1167.51,1084.08,1249.34,1403.66,1043.57
5.3333,65,143,202,105,145,242,127,162,86,66,221,87,88,259,179,198,197,80,119,251,1092.91,1254.57,1075.66,1041.87,1267.79,1229.82,1479.12,1054.32,1341.81,1392.36,1354.46,1427.04,1158.92,1282.01,1509.14,1345.48,996.14,1196.67,1444.23,1051.69
5.5000,63,141,200,103,143,240,125,44,200,199,239,85,86,257,177,47,28,246,117,249,1112.60,1113.22,1228.40,1139.46,1104.75,1342.12,1352.59,1031.01,1332.19,1331.18,1195.68,1375.16,1375.98,1194.46,1464.50,1388.96,997.80,1172.87,1252.39,1179.93
5.6667,61,159,101,238,141,277,277,42,83,197,237,83,256,255,25,45,26,244,115,133,1217.21,1034.11,1282.61,1175.97,1011.78,1409.60,1243.68,1094.96,1243.02,1365.36,1116.22,1424.75,1559.04,1237.13,1312.60,1231.68,1079.74,1064.08,1167.84,1159.82
5.8333,196,157,119,236,159,140,275,40,81,61,235,234,254,103,23,43,24,242,113,131,1222.12,1033.44,1396.48,1060.61,1006.14,1200.62,1171.12,1235.63,1136.28,1244.66,1136.59,1370.64,1368.28,1255.52,1195.22,1194.54,1276.31,1088.51,1214.62,1135.57
6.0000,194,97,234,234,255,158,273,175,99,79,118,80,252,101,21,41,22,240,260,129,1117.69,1027.20,1308.56,1026.81,1002.03,1060.06,1194.90,1422.06,1129.19,1097.14,1197.69,1201.77,1270.42,1128.79,1204.73,1288.13,1545.52,1236.03,1203.23,1224.14
6.1667,192,95,232,232,253,156,271,173,97,77,116,98,118,119,39,40,208,91,278,261,1090.91,1073.88,1189.70,1085.48,1072.90,1017.64,1312.57,1286.50,1220.40,1059.76,1250.73,1103.51,1228.62,1136.53,1339.10,1454.73,1616.62,1334.57,1194.06,1312.74
6.3333,190,93,114,134,251,270,270,74,95,75,230,96,116,117,38,58,206,89,276,279,1150.36,1190.87,1074.81,1182.39,1219.52,1049.80,1427.51,1219.13,1387.63,1140.44,1334.03,1128.31,1061.09,1276.77,1416.32,1341.80,1362.20,1493.54,1311.18,1128.67
6.5000,72,170,112,132,172,268,268,72,228,208,228,227,114,265,36,56,204,274,106,277,1172.45,1191.08,1025.39,1171.94,1326.99,1029.42,1271.52,1068.36,1395.26,1259.44,1251.26,1120.89,1026.07,1352.39,1337.50,1344.02,1181.40,1631.73,1413.39,1038.19
6.6667,70,168,110,130,170,266,266,70,226,206,111,225,112,263,183,204,202,272,273,275,1263.36,1062.97,1070.20,1246.46,1166.35,1115.13,1195.69,1004.98,1198.41,1108.26,1206.48,1141.02,1134.12,1119.12,1177.52,1333.55,1109.05,1347.06,1338.49,1069.14
6.8333,185,166,108,225,168,264,149,68,224,204,109,223,243,261,181,202,200,270,271,273,1284.66,1000.78,1195.69,1262.32,1074.69,1288.32,1075.19,1042.10,1073.49,1061.50,1154.38,1278.35,1267.57,998.54,1102.58,1147.75,1163.30,1127.19,1358.22,1215.02
7.0000,183,164,223,223,263,147,147,66,222,202,107,221,241,279,199,200,51,268,269,271,1173.16,1018.67,1280.38,1223.97,1051.36,1421.65,1053.59,1167.21,1050.66,1135.50,1200.44,1502.62,1414.88,1030.86,1167.53,1085.44,1264.36,1013.79,1487.42,1443.20
7.1667,181,84,221,125,261,165,145,181,105,86,105,106,107,277,197,218,49,266,139,155,1141.74,1049.15,1154.40,1187.99,1031.49,1270.14,1139.00,1320.52,993.59,1159.92,1331.49,1301.70,1621.63,1203.04,1351.33,1166.89,1437.41,1040.13,1581.00,1452.20
7.3333,83,82,239,123,279,163,143,199,103,84,259,104,125,275,46,216,48,117,137,268,1123.10,1074.22,1108.09,1086.11,1095.64,1192.71,1307.45,1155.76,1026.79,1024.79,1438.11,1094.68,1690.42,1465.39,1597.36,1366.27,1337.92,1019.63,1310.92,1475.78
7.5000,81,80,121,121,277,297,297,197,101,82,257,102,123,124,45,64,46,115,135,152,1024.16,1166.32,1088.27,1069.64,1232.91,1082.68,1402.67,1061.25,1163.15,1010.50,1228.34,995.27,1466.71,1494.81,1375.69,1213.84,1277.63,1095.79,1115.88,1287.90
7.6667,99,196,139,139,179,295,295,195,119,80,255,100,121,123,43,62,44,113,133,150,1017.53,1167.26,1009.81,1139.32,1278.63,1013.96,1193.66,1059.47,1369.06,1118.60,1082.55,1032.36,1326.13,1416.32,1154.66,1057.83,1328.00,1289.24,1041.61,1116.15
7.8333,97,194,137,254,177,293,293,97,253,232,253,252,271,121,41,60,42,111,131,148,1101.88,1057.61,1029.80,1257.27,1159.47,1049.74,1051.95,1135.15,1273.30,1163.45,1032.59,992.85,1114.90,1199.95,1043.02,1042.40,1479.60,1557.89,1114.24,1049.94
8.0000,212,192,135,252,175,291,291,95,251,230,136,250,269,139,59,78,226,297,298,146,1201.42,1014.96,1140.15,1120.42,1110.11,1183.53,1010.70,1143.72,1097.91,1026.85,1021.12,1029.59,1005.30,1091.12,1077.13,1173.41,1434.35,1522.76,1046.63,1105.48
8.1667,210,112,250,250,173,174,174,93,249,228,134,248,267,137,206,226,224,295,296,144,1067.16,1035.17,1225.64,1061.00,1137.16,1149.68,1009.30,1239.30,1007.71,1005.39,1001.52,1191.65,1041.51,1123.00,996.67,1082.82,1486.73,1336.09,1055.32,1263.87
8.3333,208,110,248,248,268,172,172,208,247,226,132,246,265,284,204,224,223,293,294,297,1013.95,1000.44,1075.82,1094.75,1153.62,1127.37,1029.46,1331.15,1029.47,1109.10,1093.68,1438.82,1212.12,1141.63,1051.77,996.78,1357.32,1246.44,1202.89,1292.75
8.5000,206,108,246,149,286,170,170,206,130,110,130,131,132,282,202,222,221,124,292,295,1057.32,1045.29,1003.29,1036.75,1223.57,1197.44,1155.52,1149.21,1093.07,1293.45,1270.31,1418.47,1210.03,1285.53,1238.91,1066.45,1164.41,1098.90,1445.98,1176.18
8.6667,107,106,244,147,284,168,168,204,128,108,263,129,130,281,200,220,239,122,141,293,1049.10,1158.72,1028.09,994.41,1340.26,1342.46,1355.14,1029.15,1165.62,1200.69,1325.71,1243.27,1312.03,1500.69,1508.24,1265.92,1077.90,1037.26,1315.98,1165.43
8.8333,105,203,145,145,185,282,1,202,126,106,261,127,128,299,69,89,70,120,159,177,1019.54,1201.84,1138.80,1048.89,1203.05,1438.95,1389.82,997.65,1324.76,1215.53,1137.82,1169.95,1509.62,1433.01,1396.49,1241.01,1025.42,1113.07,1108.52,1227.11
9.0000,103,201,143,143,183,0,19,200,125,104,279,125,298,147,67,87,68,286,157,175,1085.48,1115.35,1134.93,1184.02,1066.88,1254.39,1425.66,1065.95,1436.78,1331.70,1026.36,1214.80,1403.18,1382.12,1165.30,1070.50,1098.50,1238.00,1019.15,1066.86
9.1667,101,199,141,278,181,18,182,218,123,257,277,276,296,145,65,85,66,284,155,173,1228.90,1056.25,1218.82,1080.78,1006.97,1087.17,1351.07,1219.92,1327.20,1311.98,1020.99,1155.13,1190.99,1143.84,1038.99,1036.31,1286.62,1258.23,1079.32,1020.46
9.3333,236,139,276,276,199,16,180,119,275,255,140,274,294,143,63,83,64,282,153,171,1088.46,1025.89,1299.44,1000.46,1034.11,1000.27,1214.50,1406.11,1232.70,1211.64,1066.81,1193.97,1080.98,1011.58,1057.57,1150.87,1549.63,1386.90,1268.67,1099.42
9.5000,234,137,274,274,295,198,14,215,273,253,158,120,292,141,230,251,250,133,1,3,1016.21,1008.84,1141.57,1014.27,1049.37,997.44,1102.77,1474.38,1187.44,1212.12,1093.42,1297.45,1106.51,1028.59,1211.66,1317.64,1564.12,1559.00,1236.95,1189.92
9.6667,232,135,272,272,293,196,12,232,271,117,156,138,158,9,228,249,248,18,19,1,1036.15,1072.29,1050.33,1121.58,1149.39,1025.41,1047.98,1295.63,1238.32,1277.95,1219.34,1313.88,1032.59,1181.90,1245.32,1232.26,1292.96,1451.20,1112.70,1226.45
9.8333,230,133,270,174,11,194,10,114,154,250,154,269,156,7,226,247,246,16,17,19,1146.29,1201.96,1047.05,1068.97,1159.33,1150.17,1105.22,1121.20,1366.12,1423.53,1415.37,1312.38,998.21,1055.14,1396.20,1274.09,1092.84,1250.90,1124.09,1363.59
10.0000,132,210,152,172,9,192,8,112,268,248,153,267,154,5,225,245,244,14,15,18,1149.28,1172.49,1132.01,1102.06,1115.22,1341.92,1261.94,1016.69,1358.37,1272.79,1412.10,1318.25,1110.33,1072.79,1365.84,1431.58,1005.25,1151.27,1266.47,1385.49
10.1667,130,208,150,170,210,26,191,110,266,246,286,265,152,3,223,244,95,12,164,16,1192.85,1055.99,1215.26,1218.42,1077.24,1449.73,1230.77,1008.49,1221.19,1212.58,1276.13,1428.42,1330.46,1227.82,1308.27,1331.27,1039.18,1176.26,1385.55,1268.30
10.3333,128,206,148,285,208,24,189,108,149,244,284,149,150,1,221,242,93,10,162,14,1313.63,1010.02,1361.71,1182.33,1013.57,1272.42,1190.22,1095.65,1160.08,1259.04,1212.26,1567.94,1612.87,1476.35,1369.54,1284.98,1116.92,1316.57,1302.02,1249.14
10.5000,243,204,263,283,206,22,187,106,147,128,282,148,1,170,90,109,91,141,160,197,1256.79,1045.67,1316.75,1090.98,1039.26,1156.16,1245.40,1255.47,1056.42,1190.27,1240.80,1342.13,1637.73,1373.94,1333.30,1330.80,1306.72,1218.77,1336.63,1239.80
10.6667,241,143,261,281,204,205,20,221,145,126,165,146,19,168,88,107,89,159,27,195,1176.16,1055.51,1233.79,1081.43,1145.97,1091.28,1142.35,1314.08,1060.59,1040.73,1301.99,1134.46,1356.85,1250.77,1334.06,1407.80,1569.55,1156.67,1412.28,1328.58
10.8333,123,141,163,299,0,203,38,239,143,124,163,144,17,166,86,106,88,157,25,194,1129.30,1134.88,1147.64,1158.72,1170.98,1069.95,1023.41,1190.05,1168.20,1007.46,1365.09,1029.71,1137.37,1249.26,1449.30,1342.20,1511.02,1219.12,1162.24,1432.88
11.0000,121,120,161,161,18,201,36,237,141,122,297,142,15,164,85,104,272,155,23,192,1081.20,1244.52,1028.27,1212.45,1075.64,1149.84,1011.01,1145.28,1351.64,1097.98,1225.73,1056.43,1023.14,1370.24,1296.15,1210.28,1447.15,1391.19,1013.00,1270.05
11.1667,139,236,179,198,16,219,34,139,295,274,295,294,13,31,83,102,270,20,21,190,1120.00,1126.56,1001.20,1254.90,1061.87,1309.66,1112.13,1075.04,1331.71,1200.10,1151.50,1042.12,1051.66,1366.46,1202.68,1204.12,1279.62,1575.04,1009.75,1200.65
11.3333,137,234,177,294,14,33,218,137,293,272,178,292,179,161,250,270,268,38,39,22,1234.63,1026.35,1070.37,1271.52,1134.86,1261.17,1143.32,1036.99,1138.22,1049.17,1114.49,1066.77,1197.19,1284.31,1113.92,1291.75,1214.60,1503.53,1152.51,1150.71
11.5000,252,232,175,292,234,31,216,135,291,270,176,290,177,179,248,268,266,170,37,20,1191.27,998.91,1216.53,1174.37,1103.02,1191.88,1022.91,1096.77,1021.73,1008.62,1069.59,1214.99,1399.16,1316.75,1024.57,1088.96,1265.87,1500.40,1395.66,1036.57
11.6667,250,152,290,290,232,29,214,133,289,268,174,288,176,26,246,266,117,168,35,38,1097.20,1042.88,1190.55,1159.40,1126.77,1215.52,1013.25,1237.46,1013.46,1094.24,1130.53,1450.98,1464.09,1268.25,1084.99,1012.45,1386.66,1242.03,1694.81,1042.51
11.8333,248,150,288,191,230,27,212,248,172,152,7,173,174,24,244,264,263,166,185,36,1090.65,1026.10,1080.15,1113.75,1228.43,1329.55,1113.93,1241.67,1004.09,1190.55,1210.89,1327.11,1451.14,1174.38,1272.95,1089.45,1336.15,1056.14,1565.80,1169.65
12.0000,149,148,286,189,26,229,45,246,170,150,5,171,172,22,242,262,114,164,183,34,1076.53,1084.52,1057.16,1028.62,1115.43,1280.18,1261.71,1089.19,1051.32,1067.28,1131.73,1126.44,1540.47,1212.65,1541.07,1292.43,1223.83,988.53,1286.01,1387.02
12.1667,147,146,187,187,24,227,43,244,168,148,3,169,21,20,111,131,112,162,181,219,998.92,1205.37,1089.67,1035.59,1017.12,1313.71,1189.33,1014.38,1197.68,1061.83,1150.92,1032.17,1396.07,1371.40,1358.65,1194.12,1159.69,1064.94,1078.66,1243.79
12.3333,145,243,185,2,22,42,41,242,166,146,1,167,39,189,109,129,110,27,199,217,1017.97,1129.91,1037.19,1033.89,1001.69,1348.29,1211.71,1037.73,1409.57,1172.85,1266.93,1070.21,1296.07,1379.04,1126.18,1024.68,1216.78,1218.99,993.04,1069.59
12.5000,143,241,183,0,20,40,224,240,19,299,184,165,37,187,107,127,108,25,197,215,1125.82,1050.45,1081.66,1093.66,1075.28,1160.81,1298.72,1156.06,1417.91,1194.96,1128.75,1225.58,1309.88,1147.19,1002.22,998.03,1382.11,1450.30,1060.84,1005.54
12.6667,278,259,18,18,221,58,222,141,17,297,182,17,35,185,105,125,293,23,195,213,1140.97,1041.83,1155.72,1234.38,1058.46,1042.86,1126.07,1230.96,1475.79,1068.82,1011.89,1210.38,1435.47,1023.26,1028.67,1124.66,1584.73,1730.87,1258.31,1068.62
12.8333,276,179,16,200,239,56,220,159,180,295,180,15,182,183,272,293,292,194,43,45,1025.75,1006.73,1191.04,1318.75,1113.48,1022.88,1047.95,1341.29,1313.63,1054.42,1007.17,1106.23,1281.14,1047.83,1045.27,1144.33,1583.03,1591.89,1415.69,1048.59
13.0000,274,177,14,218,237,238,238,274,14,293,198,13,180,51,270,291,290,192,41,43,997.96,1007.47,1304.05,1137.44,1235.42,1061.17,1082.01,1299.51,1190.65,1159.11,1112.72,1123.74,1126.16,1124.50,1089.49,1053.15,1311.11,1351.32,1314.63,1076.70
13.1667,272,175,196,216,53,236,52,272,12,291,196,11,198,49,268,289,288,58,59,41,1067.58,1085.93,1300.04,1028.46,1149.28,1150.65,1202.19,1134.00,1064.55,1357.79,1298.80,1260.28,1097.59,998.41,1263.84,1109.68,1108.40,1139.24,1330.16,1219.31
13.3333,174,173,214,214,51,234,50,270,10,175,29,195,196,47,266,287,286,56,208,59,1069.19,1225.54,1263.88,1012.76,1055.19,1314.51,1322.01,1035.61,1041.08,1312.22,1444.64,1351.91,1202.94,1024.76,1522.80,1294.28,1015.46,1022.86,1390.98,1444.75
13.5000,172,250,9,212,49,68,233,268,8,173,27,193,194,45,136,155,137,54,206,223,1066.76,1166.13,1142.70,1091.53,1038.09,1446.20,1446.68,1027.70,1129.97,1334.29,1484.07,1288.30,1410.70,1192.71,1473.91,1327.17,994.09,1044.85,1188.75,1264.22
13.6667,170,248,7,210,250,66,231,150,6,286,211,191,192,214,134,153,135,52,204,221,1154.63,1063.68,1097.78,1244.19,1027.63,1240.05,1395.65,1105.84,1310.96,1439.06,1357.55,1332.70,1681.35,1440.48,1249.17,1160.05,1069.31,1195.22,1097.27,1116.04
13.8333,285,246,5,24,248,64,64,148,189,170,209,23,43,212,132,151,133,183,202,239,1222.49,1035.09,1145.74,1346.57,996.74,1088.40,1399.57,1228.84,1206.65,1306.32,1202.46,1299.31,1620.54,1205.20,1123.42,1118.96,1261.61,1426.92,1145.01,1078.95
14.0000,283,185,3,23,246,62,62,146,187,168,22,21,41,210,130,149,131,181,200,237,1098.99,1019.99,1278.38,1436.33,1054.06,1020.34,1189.80,1407.44,1188.23,1157.44,1074.98,1097.15,1337.52,1070.83,1131.78,1216.96,1528.60,1367.92,1317.62,1160.79
14.1667,281,183,205,21,244,245,60,261,185,166,20,39,59,208,128,147,16,199,67,69,1051.77,1039.28,1270.87,1246.67,1184.38,998.99,1047.16,1361.71,1264.19,1112.47,1024.32,995.66,1116.02,1077.28,1272.35,1425.22,1507.83,1415.09,1179.18,1313.55
14.3333,299,181,203,39,40,243,78,163,38,18,38,37,57,206,295,16,14,64,65,67,1094.10,1134.36,1124.85,1110.64,1195.80,1045.94,1005.15,1251.16,1103.69,1033.62,1086.96,1028.77,1001.43,1222.85,1375.28,1308.45,1459.54,1546.92,1038.80,1349.03
14.5000,161,278,201,37,58,241,76,161,36,16,36,35,203,73,294,14,145,62,63,232,1218.55,1250.92,1058.08,1052.79,1130.59,1185.49,1079.19,1084.74,1013.29,1009.98,1248.61,1187.79,998.34,1148.69,1431.20,1094.73,1335.17,1360.52,1041.85,1422.11
14.6667,198,276,35,35,56,259,74,179,34,14,200,33,201,71,292,12,143,60,61,64,1221.86,1104.15,1071.38,1088.73,1147.44,1386.96,1251.44,1000.65,1034.07,1111.03,1284.97,1432.94,1104.94,1156.56,1246.69,1003.48,1174.36,1269.39,1186.13,1280.50
14.8333,196,274,33,33,276,73,258,177,32,12,218,218,219,69,290,10,141,78,79,62,1286.55,1016.76,1000.35,1212.52,1070.69,1363.79,1130.73,1016.53,1163.21,1310.51,1224.76,1671.67,1321.46,1294.19,1174.48,1066.87,1120.65,1292.11,1428.02,1161.04
15.0000,292,272,31,31,274,91,256,175,216,196,216,217,217,68,288,8,7,210,228,60,1235.71,1006.41,1026.87,1402.79,1038.44,1335.79,1097.03,1125.12,1104.42,1398.07,1257.12,1592.51,1601.83,1479.14,1234.03,1261.34,1064.99,1309.78,1458.68,1148.35
15.1667,290,212,29,233,272,89,254,173,214,194,49,215,67,66,286,176,5,208,226,78,1184.91,1064.12,1146.94,1255.38,1093.88,1239.16,1166.89,1300.49,1008.04,1167.48,1144.58,1315.55,1697.61,1405.99,1407.78,1488.31,1104.28,1130.28,1482.73,1248.52
15.3333,191,190,231,231,270,271,87,288,212,192,47,213,65,234,154,175,3,206,225,76,1174.14,1078.61,1284.01,1141.12,1222.93,1146.97,1163.34,1217.86,1025.55,1021.32,1033.27,1103.28,1423.90,1398.55,1486.24,1504.90,1259.45,1062.43,1359.79,1440.16
15.5000,189,188,229,46,66,269,85,286,210,190,45,211,63,232,153,173,154,204,223,241,1059.47,1147.19,1108.12,1078.77,1098.56,1146.01,1059.64,1107.94,1148.48,994.62,1027.19,995.98,1211.00,1389.50,1419.96,1259.90,1365.72,1129.38,1170.22,1343.93
15.6667,187,285,227,44,64,267,83,284,43,188,43,209,61,231,151,171,152,202,90,259,1032.08,1211.10,1009.07,1000.28,1029.06,1238.97,1060.23,1085.15,1251.68,1093.04,1131.37,1024.55,1098.10,1472.40,1204.84,1108.79,1405.94,1312.47,1063.17,1171.71
15.8333,2,283,225,42,62,82,81,185,41,20,226,207,79,229,149,169,150,67,88,257,1020.95,1080.58,1006.91,1015.93,1046.66,1303.38,1168.18,1105.69,1206.18,1231.22,1189.27,1176.36,1118.36,1263.82,1095.80,1092.41,1543.54,1571.01,1051.88,1099.56
16.0000,0,281,40,40,60,80,264,183,59,38,224,59,77,227,147,167,35,85,86,89,1042.43,1011.92,1057.60,1124.62,1149.53,1164.16,1114.73,1093.17,1255.25,1331.49,1050.35,1392.42,1266.90,1158.91,1125.83,1216.56,1304.25,1661.38,1182.39,1119.45
16.1667,18,299,58,58,281,98,262,181,222,37,222,57,224,225,145,34,33,236,84,87,1153.33,1019.91,1055.71,1305.41,1148.72,1109.38,1004.67,1172.96,1252.11,1410.01,1015.89,1291.40,1449.17,1186.90,1286.09,1292.83,1102.48,1514.79,1414.46,1008.93
16.3333,16,219,56,240,299,96,260,16,220,35,220,55,222,93,13,32,31,234,83,85,1333.64,1009.57,1144.68,1209.46,1200.45,1154.39,1008.92,1124.30,1099.70,1256.46,1092.52,1295.05,1317.80,1185.03,1346.60,1444.00,1011.80,1257.63,1578.45,1021.87
16.5000,218,217,54,258,95,278,278,14,238,33,238,239,220,91,11,31,29,232,252,83,1193.99,1027.29,1308.44,1062.14,1212.69,1238.38,1122.90,1155.59,1047.85,1194.04,1256.88,1381.28,1296.95,1074.10,1283.37,1312.08,1058.70,1072.21,1582.79,1157.08
16.6667,216,215,256,256,93,276,276,12,236,217,71,237,238,89,9,29,161,230,250,81,1054.41,1117.92,1229.09,998.41,1073.36,1366.98,1315.22,1268.82,1107.69,1141.05,1231.87,1192.09,1390.32,1106.29,1341.22,1260.14,1135.57,1003.09,1299.91,1381.08
16.8333,214,213,254,254,91,294,109,194,50,215,69,235,88,87,178,197,179,96,248,265,1001.91,1264.04,1114.22,1030.94,1002.76,1428.71,1304.16,1194.57,1208.60,1144.43,1259.02,1106.15,1545.19,1270.08,1378.62,1216.64,1067.60,1023.86,1087.09,1230.43
17.0000,212,290,252,68,89,108,107,192,48,213,253,233,86,256,176,195,177,94,246,263,1046.84,1169.01,1088.37,1092.50,1018.35,1289.99,1332.65,1199.59,1354.39,1256.05,1326.04,1144.56,1449.87,1378.00,1141.93,1040.52,1130.58,1173.13,993.23,1059.58
17.1667,210,288,250,66,290,106,291,7,231,211,251,231,84,254,174,193,175,92,244,261,1175.24,1082.19,1154.95,1170.32,1029.87,1111.37,1329.29,1177.06,1419.84,1448.29,1136.78,1293.68,1456.50,1137.17,1010.49,1003.59,1307.73,1410.01,1052.45,1001.08
17.3333,24,227,64,64,288,104,289,5,229,210,249,63,83,252,172,191,40,223,242,279,1261.06,1045.17,1248.99,1321.18,1032.70,1008.08,1175.01,1133.48,1387.15,1352.26,1036.13,1141.15,1415.66,1002.02,1027.41,1119.97,1469.70,1621.15,1243.88,1070.46
17.5000,22,225,62,266,286,102,287,3,62,42,247,61,81,250,170,189,58,221,109,111,1403.88,1000.14,1298.65,1290.45,1116.31,1007.68,1115.20,1181.72,1329.25,1198.26,1046.93,1033.22,1208.97,1017.21,1187.20,1350.22,1302.23,1654.59,1303.82,1124.31
17.6667,224,2,245,264,4,285,100,1,60,40,245,79,247,117,37,58,56,106,107,109,1325.34,1023.89,1285.48,1128.93,1168.11,1026.12,1092.37,1313.88,1135.08,1045.22,1162.92,1054.86,1059.27,1151.87,1111.58,1295.27,1235.49,1414.46,1184.77,1154.52
17.8333,222,0,243,262,2,283,118,203,78,58,78,77,245,115,35,56,187,104,105,107,1178.89,1000.41,1192.03,1045.74,1110.15,1134.77,1132.15,1166.73,1017.78,1002.43,1289.60,1201.63,1021.86,1019.19,1016.06,1087.40,1249.64,1201.78,1193.62,1291.83
18.0000,37,18,241,260,117,281,116,201,76,56,76,75,243,113,33,54,185,102,103,106,1087.20,1057.04,1177.46,1056.94,1083.27,1314.93,1272.01,1046.85,1008.87,1086.49,1490.96,1437.30,1128.10,1035.28,1071.34,1004.54,1071.08,1090.72,1326.90,1472.32
18.1667,35,16,75,278,115,19,280,219,74,54,240,240,241,111,31,52,183,100,272,290,1082.61,1183.77,1071.12,1157.12,1094.02,1350.70,1313.29,1018.48,1114.27,1274.95,1442.10,1423.70,1342.39,1193.35,1256.60,1076.30,1006.75,1110.21,1303.43,1327.64
18.3333,33,256,73,276,113,133,298,33,258,238,93,258,259,109,180,50,181,118,270,288,1169.97,1163.42,1049.77,1323.62,1182.11,1255.04,1264.75,1083.15,1219.93,1465.55,1377.24,1467.81,1620.37,1446.37,1365.53,1276.49,1080.37,1251.89,1212.57,1194.46
18.5000,31,254,71,275,111,131,296,31,256,236,91,90,109,278,198,218,47,250,268,286,1333.26,1060.51,1124.51,1445.61,1334.25,1121.89,1306.51,1009.55,1108.70,1233.20,1170.69,1325.37,1630.94,1303.25,1243.39,1237.52,1267.90,1298.18,1248.02,1167.32
18.6667,233,252,69,273,13,129,129,29,254,234,89,88,107,276,196,216,45,248,266,284,1329.83,1033.99,1280.79,1315.13,1175.61,1072.92,1156.14,1034.49,1099.41,1079.14,1032.43,1129.07,1345.80,1171.17,1242.71,1318.63,1402.11,1233.59,1400.90,1250.49
18.8333,231,28,271,88,11,127,127,27,252,232,87,86,105,274,194,215,43,246,134,282,1192.58,1052.80,1195.00,1168.61,1074.36,1122.79,1023.63,1154.37,1191.32,1036.21,995.83,1031.78,1120.65,1168.05,1364.36,1422.33,1611.75,1286.10,1162.07,1422.03
19.0000,229,26,269,86,9,10,125,229,85,64,85,84,103,272,42,213,60,244,132,281,1128.78,1047.91,1060.76,1049.61,1051.57,1166.32,995.64,1221.49,1135.14,1081.89,1074.95,1064.54,1000.51,1295.31,1165.39,1297.13,1611.48,1444.69,1010.09,1354.18
19.1667,44,24,267,84,104,8,8,227,83,62,83,82,101,120,40,60,212,129,130,299,1023.22,1116.80,1013.45,1016.30,1082.31,1059.26,1058.27,1073.58,1060.19,1065.34,1250.59,1219.34,1025.75,1274.41,1059.12,1163.40,1435.74,1489.43,1004.05,1282.12
19.3333,42,3,82,82,102,6,6,225,81,60,266,247,267,138,58,78,210,127,128,131,997.30,1230.85,1043.04,1079.68,1130.30,1051.56,1091.59,1013.45,1092.13,1166.79,1177.42,1448.54,1142.76,1274.15,1097.42,1068.00,1285.82,1407.15,1145.12,1198.31
19.5000,40,262,80,80,100,4,4,223,99,78,264,99,265,136,56,76,75,125,126,129,1068.66,1183.80,996.04,1227.14,1256.16,1142.01,1224.08,1053.34,1225.57,1362.31,1121.99,1525.21,1349.24,1393.55,1266.07,1118.22,1106.86,1428.25,1387.64,1077.85
19.6667,58,241,98,282,21,138,2,58,262,243,262,97,264,135,54,74,73,276,295,127,1222.75,1080.70,1047.22,1338.42,1313.67,1262.28,1425.39,1041.29,1079.18,1400.77,1167.69,1516.95,1572.90,1348.26,1520.87,1296.81,1009.63,1264.78,1631.25,1072.14
19.8333,240,259,96,280,39,155,155,56,260,241,115,261,262,133,53,73,71,274,294,125,1283.44,1038.61,1186.54,1167.49,1137.23,1345.86,1381.56,1034.65,994.55,1177.10,1178.40,1320.50,1559.13,1259.01,1545.14,1555.47,1049.73,1076.68,1588.50,1185.79
20.0000,258,35,298,298,37,153,153,54,278,259,113,279,132,131,51,221,69,272,292,9,1111.79,1057.51,1250.22,1066.44,1025.17,1342.37,1216.89,1122.78,1026.39,1039.83,1083.43,1110.34,1521.46,1293.41,1598.94,1474.23,1211.00,1003.83,1311.45,1130.30
20.1667,256,33,296,296,35,36,151,52,276,257,111,277,130,129,200,239,201,270,290,7,1014.95,1032.83,1092.47,1052.74,997.12,1219.69,1129.39,1288.75,1161.89,1021.58,1090.08,1005.35,1318.86,1442.09,1380.16,1214.28,1234.90,1072.95,1106.28,1091.64
20.3333,254,31,294,110,131,34,149,254,109,255,109,275,128,298,218,237,219,136,288,5,1011.75,1089.34,1017.65,1010.65,1003.84,1063.75,1140.77,1235.95,1361.02,1125.08,1199.79,1035.43,1209.89,1413.81,1149.90,1046.48,1281.42,1258.60,1020.09,1170.81
20.5000,68,29,292,108,129,32,147,252,107,253,293,273,126,296,216,235,217,134,286,157,1060.79,1216.82,1040.95,1051.10,1053.02,1002.65,1251.32,1157.39,1327.54,1318.97,1148.80,1187.57,1222.09,1186.96,1026.34,1018.67,1432.86,1480.07,1083.47,1319.34
20.6667,66,269,106,10,127,30,30,250,105,85,291,105,124,294,214,233,82,132,152,155,1104.19,1129.11,1108.43,1165.92,1182.76,1049.92,1360.29,1169.00,1379.94,1456.54,1018.22,1280.02,1353.56,1065.56,1049.73,1141.48,1349.06,1752.84,1251.80,1124.81
20.8333,64,267,104,8,48,144,144,64,289,84,289,103,291,292,212,231,80,283,150,153,1229.54,1026.46,1127.50,1135.40,1361.57,1047.73,1335.54,1244.29,1287.47,1313.68,997.18,1173.38,1344.84,1087.07,1212.50,1374.79,1155.39,1560.54,1467.47,1021.09
21.0000,266,265,102,6,46,142,142,62,287,82,287,101,289,159,79,80,98,281,149,151,1359.57,999.38,1230.06,1193.33,1185.61,1114.77,1248.80,1210.93,1154.08,1156.54,1088.74,1181.27,1195.29,1140.71,1232.89,1385.13,1069.68,1310.18,1414.71,1039.71
21.1667,264,42,285,101,44,140,25,60,100,80,285,119,287,157,77,98,96,146,147,149,1173.59,1013.27,1383.82,1316.01,1073.63,1272.76,1118.39,1257.00,1115.67,1097.93,1265.48,1304.00,1165.46,1014.68,1154.52,1200.71,1114.80,1127.66,1427.79,1177.76
21.3333,262,40,283,139,42,43,23,243,118,98,138,284,285,155,75,96,227,144,16,33,1057.24,1006.96,1341.26,1227.77,1044.46,1430.28,1083.26,1169.85,1077.35,1156.30,1354.60,1285.43,1262.43,1038.69,1210.02,1134.28,1080.67,1003.20,1488.38,1390.95
21.5000,260,58,117,137,157,41,21,241,116,261,136,282,283,153,73,94,225,142,14,31,1031.81,1081.23,1204.43,1162.61,1014.70,1255.93,1153.09,1106.51,1148.49,1251.03,1387.25,1209.38,1459.41,1203.06,1382.43,1205.83,1009.75,1018.97,1507.91,1383.67
21.6667,278,56,115,19,155,59,39,259,114,279,19,280,152,2,222,242,223,140,13,29,1100.90,1222.70,1140.91,1128.62,1059.41,1160.06,1308.09,1131.19,1313.86,1361.88,1438.78,1247.91,1620.09,1427.96,1200.43,1103.24,1076.63,1166.90,1355.41,1469.73
21.8333,276,296,17,17,153,173,173,73,298,278,133,132,19,0,220,240,221,158,11,28,1246.19,1112.43,1107.50,1095.02,1182.42,1090.98,1451.96,1097.38,1287.20,1378.57,1279.57,1314.26,1424.27,1414.70,1067.02,1058.31,1261.63,1403.33,1160.29,1336.97
22.0000,91,294,15,15,55,171,171,71,296,276,131,130,17,19,238,258,239,290,9,26,1376.11,1024.19,1009.94,1146.33,1341.21,1005.22,1237.71,1076.02,1259.19,1230.08,1124.85,1107.07,1270.58,1466.85,1073.88,1159.96,1523.55,1464.79,1080.83,1161.11
22.1667,273,292,13,13,53,169,169,69,129,108,129,128,147,17,236,256,104,288,7,24,1380.39,1015.22,1009.47,1269.42,1210.92,1023.85,1086.08,1150.36,1296.05,1176.56,1060.20,997.92,1145.82,1252.62,1219.46,1375.68,1424.76,1502.99,1143.15,1085.58
22.3333,88,68,11,128,51,167,167,271,127,106,12,126,145,15,84,104,102,173,174,22,1252.03,1012.54,1103.23,1167.40,1145.62,1144.90,1029.53,1293.05,1109.83,1028.25,1044.89,1022.47,1030.06,1141.45,1099.08,1299.15,1366.05,1494.76,1086.23,1127.93
22.5000,86,66,9,126,49,50,50,269,125,104,10,124,143,162,82,102,254,171,172,20,1104.71,1024.39,1267.63,1090.45,1153.95,1203.67,1006.55,1113.64,1004.59,992.73,1009.44,1174.97,1056.12,1086.69,992.56,1082.03,1297.01,1294.62,1086.93,1273.54
22.6667,84,64,124,124,164,48,48,267,123,102,8,122,141,160,80,100,252,169,170,173,1032.79,1112.28,1111.18,1103.35,1137.07,1168.05,1010.09,1010.78,1010.23,1084.60,1085.93,1416.28,1216.57,1092.78,1039.79,987.83,1125.05,1191.65,1223.97,1355.90
22.8333,82,4,122,25,162,46,46,265,6,100,6,7,8,178,98,118,250,0,168,171,1055.08,1182.12,1020.92,1058.62,1172.19,1222.23,1123.44,1005.25,1058.27,1279.08,1250.76,1399.47,1271.42,1235.61,1221.96,1050.49,1062.77,1083.09,1458.00,1232.98
23.0000,80,283,120,23,160,199,44,80,4,285,159,5,6,176,96,116,115,18,37,169,1168.76,1210.93,1025.03,996.44,1277.34,1299.23,1315.38,1044.56,1117.22,1424.93,1347.69,1210.31,1362.50,1474.78,1488.90,1246.16,1123.63,1010.27,1313.21,1210.06
23.1667,98,281,21,21,61,197,197,98,2,283,157,3,4,175,245,264,113,16,35,53,1352.85,1120.26,1122.53,1030.87,1253.15,1185.86,1347.78,993.60,1268.59,1189.60,1149.46,1122.82,1548.19,1513.32,1389.70,1382.52,1155.33,1078.27,1097.70,1237.14
23.3333,280,299,39,39,79,195,195,96,0,281,155,1,174,23,243,262,111,14,33,51,1234.95,1095.99,1098.65,1150.33,1103.19,1154.54,1154.53,1043.01,1481.39,1035.06,1023.43,1157.93,1390.24,1389.14,1381.55,1448.20,1299.46,1266.42,998.96,1064.90
23.5000,298,95,37,154,77,193,193,94,153,299,153,152,172,21,110,261,243,160,31,49,1107.29,1073.36,1166.43,1110.52,1024.04,1214.88,1035.60,1182.94,1342.35,996.80,1001.69,1108.11,1168.13,1145.39,1471.67,1320.65,1460.38,1317.80,1052.23,1004.22
23.6667,296,15,35,152,75,76,191,296,151,297,36,150,170,39,108,279,241,178,198,47,1061.05,1042.31,1309.14,1012.14,1029.63,1107.15,1021.63,1212.79,1199.11,1084.06,1044.73,1138.70,1047.13,1005.29,1261.43,1175.83,1491.19,1434.54,1029.99,1071.20
23.8333,110,13,150,150,171,74,189,294,149,129,34,148,168,37,106,277,278,9,196,45,1013.17,1001.19,1152.50,1005.13,1052.13,1011.65,1119.96,1087.43,1139.41,1154.72,1055.07,1284.38,1064.92,1014.38,1156.29,1158.79,1561.19,1625.60,1015.34,1242.34
