time_h,sat_Vladimir,sat_Murmansk,sat_Novosibirsk,sat_Zheleznogorsk,sat_Khabarovsk,sat_Vladivostok,sat_Minsk,sat_Almaty,dist_km_Vladimir,dist_km_Murmansk,dist_km_Novosibirsk,dist_km_Zheleznogorsk,dist_km_Khabarovsk,dist_km_Vladivostok,dist_km_Minsk,dist_km_Almaty
0.0000,31,3,13,13,51,51,31,41,1138.60,1097.09,1650.72,1243.93,1589.37,1722.73,1353.43,1537.80
0.1667,30,2,12,12,50,50,30,3,1275.05,1011.38,1411.40,1090.17,1794.65,1828.49,1263.00,1623.79
0.3333,39,1,11,11,22,22,39,2,1469.58,1004.14,1216.51,1015.93,1752.73,1551.62,1243.85,1726.56
0.5000,38,0,10,10,21,21,38,1,1703.78,1075.25,1088.26,1035.50,1523.39,1299.26,1302.06,1880.37
0.6667,37,9,19,19,20,20,37,19,1964.47,1209.20,1048.93,1141.09,1342.14,1105.19,1430.57,2061.03
0.8333,9,8,18,18,29,29,36,18,2141.52,1386.19,1105.33,1309.19,1228.25,1001.20,1614.48,2137.54
1.0000,8,36,17,17,28,28,35,46,1889.44,1524.65,1241.79,1516.45,1198.42,1012.22,1838.59,2134.10
1.1667,7,35,16,16,27,27,7,54,1662.74,1332.81,1433.02,1746.44,1255.72,1131.60,2019.88,1957.29
1.3333,6,34,15,15,26,26,6,53,1471.90,1171.98,1657.68,1988.89,1386.45,1327.28,1738.06,1776.57
1.5000,5,33,14,14,63,25,5,52,1330.65,1058.99,1901.58,2237.49,1245.14,1567.97,1478.90,1639.01
1.6667,4,32,13,24,62,62,4,51,1253.62,1012.46,2155.96,2020.09,1116.20,1543.06,1255.23,1559.27
1.8333,3,31,51,23,61,61,3,13,1250.18,1043.46,2310.08,1745.36,1077.43,1386.57,1087.21,1464.43
2.0000,2,30,50,22,60,60,2,12,1318.19,1147.39,2052.26,1494.06,1141.29,1303.24,1000.66,1280.60
2.1667,49,10,59,21,69,69,1,11,1409.01,1068.98,1801.47,1279.00,1295.09,1310.17,1013.64,1174.40
2.3333,48,19,58,20,68,68,0,10,1508.47,1021.17,1564.34,1119.58,1513.34,1408.45,1119.63,1164.51
2.5000,47,18,57,29,39,67,9,19,1662.13,1054.99,1351.60,1039.47,1748.45,1582.93,1293.02,1250.19
2.6667,46,17,56,28,38,38,8,18,1858.00,1161.89,1180.27,1054.30,1479.67,1546.37,1507.97,1411.15
2.8333,45,16,55,27,37,37,7,17,2085.29,1322.78,1074.18,1157.71,1249.16,1336.86,1746.59,1622.25
3.0000,16,15,54,26,36,36,44,16,2079.33,1519.14,1056.67,1326.52,1079.63,1199.06,1890.55,1863.73
3.1667,15,44,53,25,35,35,43,53,1802.71,1478.23,1134.69,1536.83,999.71,1156.48,2065.25,1768.23
3.3333,14,43,52,24,34,34,14,52,1546.75,1317.45,1293.19,1771.51,1027.30,1216.44,2132.69,1680.15
3.5000,13,42,51,23,33,33,13,51,1322.31,1193.94,1508.52,2019.83,1151.44,1362.67,1852.79,1662.42
3.6667,12,41,50,61,70,32,12,50,1146.25,1122.64,1761.02,2242.75,1237.67,1568.47,1596.04,1719.18
3.8333,11,40,59,60,79,79,11,22,1040.99,1115.94,2037.58,1988.35,1079.24,1424.56,1374.56,1768.33
4.0000,10,49,21,69,78,78,10,21,1025.70,1176.93,2238.48,1740.57,1003.95,1214.94,1206.48,1487.48
4.1667,19,29,68,68,77,77,19,20,1101.13,1179.29,2020.77,1505.96,1034.06,1071.21,1114.20,1246.54
4.3333,18,28,67,67,76,76,18,29,1248.02,1095.74,1773.36,1295.32,1164.44,1025.82,1114.27,1070.75
4.5000,17,27,66,66,75,75,17,28,1441.93,1089.28,1537.63,1126.11,1368.90,1094.65,1204.07,992.48
4.6667,16,26,65,65,74,74,16,27,1663.88,1160.15,1323.59,1023.05,1621.16,1261.70,1363.40,1030.90
4.8333,15,25,64,64,46,73,44,26,1901.63,1294.54,1147.51,1010.26,1641.14,1496.22,1542.16,1171.33
5.0000,14,24,63,63,45,45,43,25,2147.59,1473.96,1033.22,1093.86,1402.70,1727.72,1740.12,1379.86
5.1667,24,13,62,62,44,44,42,24,2123.54,1632.19,1005.96,1256.96,1217.57,1586.84,1977.10,1627.58
5.3333,23,51,61,61,43,43,41,61,1841.57,1538.58,1075.66,1474.99,1110.58,1518.94,2241.21,1471.67
5.5000,22,50,60,60,42,42,22,60,1579.44,1418.56,1228.40,1728.40,1102.03,1531.86,2311.07,1332.19
5.6667,21,59,69,69,41,41,21,69,1347.85,1337.97,1439.81,2004.54,1191.19,1621.58,2045.33,1272.66
5.8333,20,49,68,78,40,40,20,68,1163.70,1290.02,1689.29,2241.13,1356.11,1774.25,1805.40,1307.00
6.0000,29,48,67,77,87,87,57,67,1050.16,1177.85,1963.26,1997.61,1333.43,1562.45,1591.58,1430.73
6.1667,28,47,38,76,86,86,56,66,1028.32,1133.77,2018.95,1760.75,1240.97,1335.89,1378.44,1625.20
6.3333,27,46,37,75,85,85,55,37,1100.91,1166.52,1782.84,1536.97,1229.12,1158.47,1207.27,1493.04
6.5000,26,35,36,74,84,84,54,36,1248.86,1150.40,1578.88,1336.52,1303.08,1059.76,1101.60,1299.00
6.6667,25,34,35,73,83,83,53,35,1446.64,1182.79,1419.39,1175.30,1452.13,1065.95,1084.20,1182.70
6.8333,24,24,34,72,82,82,52,34,1674.23,1247.60,1318.58,1075.10,1657.86,1178.54,1161.86,1165.13
7.0000,23,23,33,71,81,81,51,33,1918.70,1272.79,1287.87,1057.15,1903.23,1373.89,1320.00,1247.71
7.1667,22,22,70,70,52,80,50,32,2172.15,1351.05,1228.13,1128.49,1698.74,1623.98,1535.44,1410.17
7.3333,60,21,79,79,51,42,59,79,2106.99,1472.02,1193.89,1276.62,1524.19,1824.78,1788.64,1591.42
7.5000,69,20,78,78,50,50,58,78,1855.15,1624.31,1238.81,1480.47,1415.25,1944.14,2066.41,1351.69
7.6667,68,58,77,77,59,59,20,77,1613.49,1488.91,1357.53,1721.64,1385.65,1930.83,2064.23,1157.00
7.8333,67,57,76,76,58,58,29,76,1390.80,1303.58,1534.95,1987.49,1438.20,1981.81,1877.27,1037.68
8.0000,66,56,75,48,57,57,28,75,1201.42,1160.39,1754.78,2152.55,1562.38,2090.71,1730.72,1024.68
8.1667,65,55,74,47,56,85,65,74,1067.16,1078.10,2004.14,1908.22,1740.66,2238.51,1550.59,1124.99
8.3333,64,54,46,46,84,84,64,73,1013.95,1072.38,1937.15,1690.65,1867.99,2213.66,1331.15,1315.26
8.5000,63,53,45,45,3,55,63,72,1057.32,1145.56,1669.83,1510.10,1978.66,2144.83,1149.21,1564.64
8.6667,62,33,44,44,2,54,62,44,1189.21,1160.65,1429.07,1379.43,1717.64,1870.34,1029.15,1690.53
8.8333,61,32,43,43,1,53,61,43,1386.37,1086.98,1229.04,1311.43,1471.80,1627.86,997.65,1566.78
9.0000,60,31,42,42,0,52,60,42,1626.51,1083.22,1090.20,1313.39,1254.39,1432.43,1065.95,1518.59
9.1667,69,30,41,89,9,51,69,41,1894.19,1148.13,1034.73,1322.44,1087.17,1303.50,1219.92,1551.11
9.3333,68,39,40,88,8,8,68,40,2179.82,1269.26,1072.62,1369.37,1000.27,1251.92,1434.06,1657.44
9.5000,77,38,49,87,7,7,67,87,2096.98,1430.52,1191.97,1481.19,1018.49,1102.77,1686.92,1747.72
9.6667,76,67,48,86,6,6,66,86,1854.05,1539.65,1368.77,1646.51,1139.92,1047.98,1964.46,1501.36
9.8333,75,66,47,85,5,5,37,85,1620.85,1339.70,1581.13,1852.44,1339.00,1105.22,1863.28,1288.24
10.0000,74,65,84,84,4,4,36,84,1405.78,1172.49,1800.33,2088.02,1588.36,1261.94,1628.60,1131.91
10.1667,73,64,83,55,65,3,35,83,1222.29,1055.99,1973.59,2065.96,1861.95,1488.86,1431.18,1062.20
10.3333,72,63,82,54,64,2,34,82,1090.51,1010.02,2180.89,1793.68,2006.54,1760.25,1286.42,1099.53
10.5000,71,62,53,53,63,1,33,81,1034.33,1045.67,1981.05,1543.16,2191.32,2059.36,1210.98,1237.11
10.6667,70,61,52,52,10,63,32,80,1069.18,1156.74,1704.98,1325.55,2155.63,2206.75,1215.12,1448.71
10.8333,79,41,51,51,19,62,79,89,1189.81,1045.67,1453.55,1157.70,1909.86,1895.64,1201.06,1708.46
11.0000,78,40,50,50,18,61,78,41,1375.84,1002.05,1240.56,1061.05,1678.48,1605.07,1159.14,1839.13
11.1667,77,49,59,59,17,60,77,59,1606.20,1037.91,1087.00,1052.55,1472.08,1347.39,1200.38,1937.73
11.3333,76,48,58,58,16,69,76,58,1865.56,1143.98,1017.63,1131.20,1306.58,1143.32,1319.60,1940.81
11.5000,75,47,57,57,15,68,75,57,2144.14,1301.42,1046.51,1278.12,1203.04,1022.91,1500.31,2006.95
11.6667,47,46,56,56,14,67,74,56,2012.02,1492.32,1163.50,1470.24,1181.62,1013.25,1724.74,2128.56
11.8333,46,74,55,4,13,13,73,84,1786.55,1414.75,1343.04,1350.47,1249.69,1040.73,1979.14,2196.84
12.0000,45,73,54,3,12,12,45,83,1594.32,1234.95,1561.09,1179.06,1396.67,1037.50,1815.59,2188.27
12.1667,44,72,2,2,11,11,44,54,1447.05,1095.10,1486.33,1065.82,1602.82,1144.24,1551.35,2074.61
12.3333,43,71,1,1,63,10,43,53,1357.43,1014.37,1318.70,1033.89,1804.65,1337.23,1318.62,1806.00
12.5000,80,70,0,0,62,19,42,52,1332.15,1009.31,1202.09,1093.66,2028.88,1586.93,1135.15,1572.27
12.6667,89,79,9,9,61,18,41,51,1279.89,1082.82,1155.72,1234.38,2267.13,1871.87,1025.21,1389.70
12.8333,88,59,8,60,18,17,40,50,1298.31,1104.99,1191.04,1318.75,2263.23,2178.92,1010.13,1278.35
13.0000,87,58,7,69,17,79,49,7,1387.12,1021.58,1304.05,1137.44,2089.97,2111.04,1090.73,1190.65
13.1667,86,57,68,68,78,78,48,6,1536.19,1018.03,1406.87,1028.46,1821.20,1812.45,1245.56,1064.55
13.3333,85,56,67,67,77,77,47,5,1731.58,1093.62,1263.88,1012.76,1549.67,1541.11,1448.17,1041.08
13.5000,84,55,66,66,76,76,84,4,1960.64,1232.32,1197.24,1091.53,1313.19,1312.87,1618.86,1129.97
13.6667,55,54,65,65,75,75,83,3,2175.75,1414.12,1217.39,1244.19,1131.97,1151.82,1749.39,1310.96
13.8333,54,83,64,64,74,74,82,2,1898.45,1541.72,1318.08,1444.89,1032.83,1085.76,1925.30,1553.81
14.0000,53,82,63,11,73,73,81,1,1640.22,1362.76,1480.65,1552.03,1036.42,1128.59,2136.55,1835.22
14.1667,52,81,62,10,72,72,52,0,1410.48,1215.07,1685.01,1405.44,1138.52,1266.33,1901.35,2140.68
14.3333,51,80,0,19,71,29,51,62,1223.76,1113.79,1797.25,1308.28,1313.23,1362.86,1633.54,2130.53
14.5000,50,89,18,18,70,28,50,61,1099.97,1074.60,1660.33,1275.18,1532.96,1476.10,1396.06,1823.51
14.6667,59,88,17,17,79,27,59,60,1058.67,1106.29,1561.85,1313.86,1778.29,1656.58,1205.55,1539.32
14.8333,58,87,16,16,78,26,58,69,1106.20,1205.05,1515.55,1420.87,2037.35,1886.41,1085.00,1291.93
15.0000,57,67,15,77,26,25,57,68,1229.36,1107.35,1528.85,1452.28,2008.38,2150.73,1056.13,1104.42
15.1667,56,66,14,76,25,25,56,67,1405.61,1064.12,1602.57,1283.09,1805.75,2396.52,1123.26,1008.04
15.3333,4,65,75,75,24,86,55,66,1426.71,1100.94,1645.49,1182.75,1642.84,2152.30,1268.51,1025.55
15.5000,3,64,74,74,23,85,54,12,1234.69,1209.29,1520.63,1167.10,1535.19,1894.29,1466.21,1037.50
15.6667,2,63,73,73,84,84,2,11,1091.20,1371.06,1463.02,1237.10,1415.29,1675.66,1691.24,1066.44
15.8333,1,62,72,72,83,83,1,10,1020.95,1568.49,1479.01,1377.46,1210.01,1512.52,1481.89,1199.60
16.0000,0,51,71,71,82,82,0,19,1042.43,1759.15,1564.61,1567.09,1077.51,1422.53,1304.79,1409.88
16.1667,9,80,70,19,81,81,9,18,1153.33,1766.24,1707.52,1655.41,1043.11,1417.70,1178.56,1669.85
16.3333,8,89,18,18,80,80,8,17,1333.64,1556.19,1703.43,1547.22,1112.94,1496.60,1124.30,1960.79
16.5000,69,88,17,17,89,89,7,16,1193.99,1375.45,1536.10,1502.23,1266.90,1644.88,1155.59,2271.41
16.6667,68,87,16,16,88,88,6,78,1054.41,1238.42,1421.13,1527.84,1476.03,1843.48,1268.82,2038.29
16.8333,67,86,15,15,87,34,67,77,1001.91,1162.02,1374.26,1622.10,1717.58,1974.39,1422.84,1745.63
17.0000,66,85,14,24,86,33,66,76,1046.84,1159.34,1404.46,1767.99,1977.12,2128.16,1311.74,1483.38
17.1667,65,74,13,85,33,86,65,75,1175.24,1143.78,1508.80,1657.64,1826.97,2220.30,1279.75,1269.26
17.3333,64,73,74,84,32,85,64,74,1360.97,1141.17,1543.24,1509.47,1593.26,2057.82,1330.49,1128.98
17.5000,63,2,73,83,31,31,63,73,1581.39,1120.67,1433.74,1424.72,1393.04,1937.23,1453.15,1088.82
17.6667,10,1,72,82,30,30,62,72,1427.93,1023.89,1387.58,1413.38,1246.34,1729.97,1629.36,1156.32
17.8333,19,0,71,81,39,39,61,71,1303.77,1000.41,1408.55,1475.48,1176.98,1567.62,1841.62,1312.03
18.0000,18,9,70,80,38,38,18,28,1239.70,1057.04,1491.26,1600.66,1201.59,1468.29,1788.19,1411.17
18.1667,17,8,79,28,37,37,17,27,1248.16,1183.77,1623.72,1588.07,1317.35,1447.86,1638.13,1542.98
18.3333,16,7,27,27,36,36,16,26,1330.42,1362.19,1725.40,1413.78,1505.17,1511.85,1529.34,1736.34
18.5000,15,6,26,26,35,35,15,25,1476.33,1575.55,1504.14,1292.83,1743.14,1652.25,1474.10,1974.46
18.6667,76,86,25,25,7,7,14,24,1327.02,1699.45,1316.75,1243.69,1589.78,1544.49,1481.19,2243.91
18.8333,75,85,24,24,6,6,13,24,1196.45,1499.93,1182.98,1277.04,1351.66,1308.06,1552.21,2312.49
19.0000,74,84,23,23,5,5,12,85,1146.49,1338.80,1125.46,1388.82,1166.32,1136.20,1681.03,2088.45
19.1667,73,83,22,22,4,4,73,84,1185.12,1231.38,1158.49,1563.64,1059.26,1058.27,1598.10,1839.38
19.3333,72,82,21,83,3,3,72,83,1302.14,1192.18,1277.29,1500.58,1051.56,1091.59,1568.43,1633.28
19.5000,71,71,82,82,2,2,71,82,1476.68,1147.20,1316.40,1420.31,1142.01,1224.08,1608.68,1486.94
19.6667,70,70,81,81,49,1,70,81,1688.73,1112.29,1164.32,1403.86,1304.48,1425.39,1712.23,1417.33
19.8333,18,18,80,80,48,48,79,80,1622.98,1062.23,1087.36,1450.92,1122.55,1554.10,1866.80,1433.61
20.0000,17,17,89,89,47,47,17,89,1550.91,1077.83,1098.51,1553.20,1014.15,1339.24,1750.07,1530.77
20.1667,16,16,88,36,46,46,16,88,1546.04,1163.75,1192.32,1648.16,1007.47,1181.58,1587.40,1692.57
20.3333,15,6,87,35,45,45,15,87,1610.51,1230.37,1348.75,1425.75,1107.63,1109.88,1477.54,1900.19
20.5000,24,5,86,34,44,44,14,33,1677.87,1317.78,1546.16,1236.47,1292.38,1143.91,1435.10,2041.83
20.6667,85,4,33,33,43,43,13,32,1714.76,1463.16,1413.96,1101.30,1533.11,1277.90,1468.01,2206.24
20.8333,84,3,32,32,14,42,74,85,1543.98,1651.14,1215.22,1045.05,1686.50,1486.91,1549.33,2170.81
21.0000,83,83,31,31,13,13,73,84,1431.52,1644.87,1067.59,1083.18,1427.84,1653.91,1399.01,2018.04
21.1667,82,82,30,30,12,12,72,30,1390.25,1427.01,998.10,1209.16,1213.86,1479.63,1311.03,1853.48
21.3333,81,81,39,39,11,11,71,39,1424.70,1240.29,1026.30,1401.22,1069.55,1378.09,1295.64,1655.51
21.5000,80,80,38,38,10,10,70,38,1527.95,1099.62,1147.77,1637.49,1022.02,1363.59,1352.64,1507.57
21.6667,89,89,37,37,19,19,79,37,1685.50,1022.72,1339.37,1902.37,1081.05,1436.45,1470.91,1428.43
21.8333,27,88,36,36,18,18,78,36,1512.65,1022.34,1577.18,2185.98,1228.30,1582.22,1634.53,1432.30
22.0000,26,87,35,46,55,55,26,35,1368.82,1096.70,1844.40,2098.52,1270.36,1596.60,1757.84,1520.75
22.1667,25,15,34,45,54,54,25,34,1288.55,1181.60,2130.62,1851.62,1144.24,1353.73,1537.44,1682.13
22.3333,24,14,6,44,53,53,24,6,1286.28,1161.48,1974.39,1613.91,1101.57,1153.11,1351.78,1484.82
22.5000,23,4,5,43,52,52,23,5,1364.41,1146.36,1771.77,1393.66,1155.10,1024.73,1220.27,1261.78
22.6667,22,3,4,42,51,51,22,4,1512.04,1125.87,1608.42,1204.36,1295.65,1001.25,1164.70,1110.11
22.8333,83,2,41,41,50,50,21,3,1573.33,1182.12,1494.92,1066.71,1500.93,1092.96,1198.48,1058.27
23.0000,82,1,40,40,59,59,20,2,1474.19,1304.27,1308.06,1006.13,1749.71,1277.81,1316.94,1117.22
23.1667,81,0,49,49,21,58,81,1,1435.70,1474.96,1167.62,1039.68,1676.67,1524.02,1202.95,1268.59
23.3333,80,9,48,48,20,57,80,0,1460.28,1678.35,1095.52,1161.95,1469.79,1807.83,1074.36,1481.39
23.5000,89,37,47,47,29,29,89,47,1542.44,1688.68,1108.71,1351.07,1323.42,1799.48,1033.49,1475.21
23.6667,88,36,46,46,28,28,88,46,1671.21,1578.34,1207.25,1584.74,1256.93,1760.38,1087.21,1272.59
23.8333,7,26,45,45,27,27,87,45,1532.80,1451.63,1375.13,1847.14,1280.53,1791.96,1220.03,1135.30
