time_h,gs_name,sat_id,elevation_deg,distance_km,cn0_dbhz,pseudorange_noise_m,clock_sync_error_m,tropo_error_m,iono_error_m,uere_m,pos_error_3d_m,time_error_ns,propagation_delay_ms
0.0,Vladimir,17.0,0.0,1928.47875,38.5,0.2772,1.7988,28.684,22.947,36.784,367.836,368.09,6.433
0.0,Zheleznogorsk,25.0,0.0,1495.99125,40.7,0.2151,1.7988,28.684,22.947,36.783,367.831,368.086,4.99
0.0,Khabarovsk,33.0,0.0,994.723625,44.25,0.143,1.7988,28.684,22.947,36.783,367.828,368.083,3.318
0.08333333333333333,Vladimir,17.0,0.0,1406.612125,41.24,0.2022,1.7988,28.684,22.947,36.783,367.831,368.085,4.692
0.08333333333333333,Zheleznogorsk,24.0,0.0,2105.83575,37.73,0.3029,1.7988,28.684,22.947,36.784,367.838,368.092,7.024
0.08333333333333333,Khabarovsk,10.0,0.0,653.738125,47.89,0.094,1.7988,28.684,22.947,36.783,367.826,368.081,2.181
0.16666666666666666,Vladimir,2.0,0.0,2333.205,36.84,0.3355,1.7988,28.684,22.947,36.784,367.84,368.095,7.783
0.16666666666666666,Zheleznogorsk,24.0,0.0,1010.5964375,44.11,0.1453,1.7988,28.684,22.947,36.783,367.828,368.083,3.371
0.16666666666666666,Khabarovsk,32.0,0.0,1548.50225,40.4,0.2227,1.7988,28.684,22.947,36.783,367.832,368.087,5.165
0.25,Vladimir,16.0,0.0,1458.14625,40.93,0.2095,1.7988,28.684,22.947,36.783,367.831,368.086,4.864
0.25,Zheleznogorsk,9.0,0.0,2493.70525,36.26,0.3587,1.7988,28.684,22.947,36.784,367.843,368.097,8.318
0.25,Khabarovsk,32.0,0.0,1102.318875,43.35,0.1586,1.7988,28.684,22.947,36.783,367.829,368.083,3.677
0.3333333333333333,Vladimir,1.0,0.0,1960.7055,38.35,0.282,1.7988,28.684,22.947,36.784,367.836,368.091,6.54
0.3333333333333333,Zheleznogorsk,31.0,0.0,1342.015875,41.65,0.1929,1.7988,28.684,22.947,36.783,367.83,368.085,4.476
0.3333333333333333,Khabarovsk,9.0,0.0,1319.873625,41.79,0.1898,1.7988,28.684,22.947,36.783,367.83,368.085,4.403
0.4166666666666667,Vladimir,23.0,0.0,2077.09475,37.85,0.2987,1.7988,28.684,22.947,36.784,367.837,368.092,6.928
0.4166666666666667,Zheleznogorsk,31.0,0.0,1790.59825,39.14,0.2575,1.7988,28.684,22.947,36.783,367.834,368.089,5.973
0.4166666666666667,Khabarovsk,39.0,0.0,683.0338125,47.51,0.0982,1.7988,28.684,22.947,36.783,367.826,368.081,2.278
0.5,Vladimir,23.0,0.0,1749.2305,39.34,0.2516,1.7988,28.684,22.947,36.783,367.834,368.088,5.835
0.5,Zheleznogorsk,30.0,0.0,2140.37775,37.59,0.3078,1.7988,28.684,22.947,36.784,367.838,368.093,7.14
0.5,Khabarovsk,8.0,0.0,813.5681875,45.99,0.117,1.7988,28.684,22.947,36.783,367.827,368.082,2.714
0.5833333333333334,Vladimir,0.0,0.0,2068.00125,37.89,0.2973,1.7988,28.684,22.947,36.784,367.837,368.092,6.898
0.5833333333333334,Zheleznogorsk,30.0,0.0,1348.929625,41.6,0.194,1.7988,28.684,22.947,36.783,367.83,368.085,4.5
0.5833333333333334,Khabarovsk,38.0,0.0,1277.286375,42.08,0.1835,1.7988,28.684,22.947,36.783,367.83,368.084,4.261
0.6666666666666666,Vladimir,22.0,0.0,1767.4875,39.25,0.2542,1.7988,28.684,22.947,36.783,367.834,368.089,5.896
0.6666666666666666,Zheleznogorsk,15.0,0.0,2204.59275,37.33,0.3171,1.7988,28.684,22.947,36.784,367.839,368.093,7.354
0.6666666666666666,Khabarovsk,15.0,0.0,1206.260375,42.57,0.1735,1.7988,28.684,22.947,36.783,367.829,368.084,4.024
0.75,Vladimir,7.0,0.0,1629.794125,39.96,0.2343,1.7988,28.684,22.947,36.783,367.833,368.087,5.436
0.75,Zheleznogorsk,29.0,0.0,1570.64275,40.28,0.2258,1.7988,28.684,22.947,36.783,367.832,368.087,5.239
0.75,Khabarovsk,15.0,0.0,1694.02475,39.62,0.2436,1.7988,28.684,22.947,36.783,367.833,368.088,5.651
0.8333333333333334,Vladimir,21.0,0.0,2293.068,36.99,0.3298,1.7988,28.684,22.947,36.784,367.84,368.095,7.649
0.8333333333333334,Zheleznogorsk,14.0,0.0,1930.5405,38.49,0.2775,1.7988,28.684,22.947,36.784,367.836,368.09,6.44
0.8333333333333334,Khabarovsk,37.0,0.0,730.025625,46.93,0.105,1.7988,28.684,22.947,36.783,367.827,368.081,2.435
0.9166666666666666,Vladimir,6.0,0.0,1761.06325,39.29,0.2531,1.7988,28.684,22.947,36.783,367.834,368.088,5.874
0.9166666666666666,Zheleznogorsk,28.0,0.0,2269.39075,37.08,0.3264,1.7988,28.684,22.947,36.784,367.84,368.094,7.57
0.9166666666666666,Khabarovsk,14.0,0.0,1229.08425,42.41,0.1767,1.7988,28.684,22.947,36.783,367.829,368.084,4.1
1.0,Vladimir,6.0,0.0,1842.017375,38.9,0.2647,1.7988,28.684,22.947,36.783,367.835,368.089,6.144
1.0,Zheleznogorsk,28.0,0.0,1694.610375,39.62,0.2436,1.7988,28.684,22.947,36.783,367.833,368.088,5.653
1.0,Khabarovsk,36.0,0.0,1227.406375,42.42,0.1765,1.7988,28.684,22.947,36.783,367.829,368.084,4.094
1.0833333333333333,Vladimir,20.0,0.0,2085.923375,37.82,0.2997,1.7988,28.684,22.947,36.784,367.837,368.092,6.958
1.0833333333333333,Zheleznogorsk,13.0,0.0,1924.590625,38.51,0.2768,1.7988,28.684,22.947,36.784,367.836,368.09,6.42
1.0833333333333333,Khabarovsk,13.0,0.0,1398.1685,41.29,0.201,1.7988,28.684,22.947,36.783,367.831,368.085,4.664
1.1666666666666667,Vladimir,5.0,0.0,1303.63825,41.9,0.1874,1.7988,28.684,22.947,36.783,367.83,368.085,4.348
1.1666666666666667,Zheleznogorsk,27.0,0.0,1855.267875,38.83,0.2668,1.7988,28.684,22.947,36.783,367.835,368.089,6.189
1.1666666666666667,Khabarovsk,35.0,0.0,2110.758,37.71,0.3036,1.7988,28.684,22.947,36.784,367.838,368.092,7.041
1.25,Vladimir,19.0,0.0,2545.92525,36.08,0.3662,1.7988,28.684,22.947,36.784,367.843,368.098,8.492
1.25,Zheleznogorsk,12.0,0.0,1594.4235,40.15,0.2292,1.7988,28.684,22.947,36.783,367.832,368.087,5.318
1.25,Khabarovsk,35.0,0.0,1061.5485,43.68,0.1527,1.7988,28.684,22.947,36.783,367.828,368.083,3.541
1.3333333333333333,Vladimir,4.0,0.0,1428.195625,41.11,0.2052,1.7988,28.684,22.947,36.783,367.831,368.086,4.764
1.3333333333333333,Zheleznogorsk,35.0,0.0,2450.2455,36.42,0.3522,1.7988,28.684,22.947,36.784,367.842,368.097,8.173
1.3333333333333333,Khabarovsk,12.0,0.0,1737.961125,39.4,0.2499,1.7988,28.684,22.947,36.783,367.834,368.088,5.797
1.4166666666666667,Vladimir,4.0,0.0,1691.51625,39.64,0.2431,1.7988,28.684,22.947,36.783,367.833,368.088,5.642
1.4166666666666667,Zheleznogorsk,11.0,0.0,1855.7105,38.83,0.2668,1.7988,28.684,22.947,36.783,367.835,368.089,6.19
1.4166666666666667,Khabarovsk,34.0,0.0,1402.0385,41.27,0.2015,1.7988,28.684,22.947,36.783,367.831,368.085,4.677
1.5,Vladimir,3.0,0.0,2094.286625,37.78,0.3011,1.7988,28.684,22.947,36.784,367.837,368.092,6.986
1.5,Zheleznogorsk,11.0,0.0,1679.333625,39.7,0.2414,1.7988,28.684,22.947,36.783,367.833,368.088,5.602
1.5,Khabarovsk,11.0,0.0,1749.888125,39.34,0.2516,1.7988,28.684,22.947,36.783,367.834,368.088,5.837
1.5833333333333333,Vladimir,3.0,0.0,1021.0001875,44.02,0.1468,1.7988,28.684,22.947,36.783,367.828,368.083,3.406
1.5833333333333333,Zheleznogorsk,25.0,0.0,2158.15325,37.52,0.3103,1.7988,28.684,22.947,36.784,367.838,368.093,7.199
1.5833333333333333,Khabarovsk,33.0,0.0,2195.9005,37.37,0.3157,1.7988,28.684,22.947,36.784,367.839,368.093,7.325
1.6666666666666667,Vladimir,3.0,0.0,2583.0655,35.96,0.3713,1.7988,28.684,22.947,36.784,367.844,368.099,8.616
1.6666666666666667,Zheleznogorsk,10.0,0.0,1255.4545,42.23,0.1804,1.7988,28.684,22.947,36.783,367.83,368.084,4.188
1.6666666666666667,Khabarovsk,33.0,0.0,1476.000125,40.82,0.2122,1.7988,28.684,22.947,36.783,367.831,368.086,4.923
1.75,Vladimir,2.0,0.0,1104.194375,43.34,0.1588,1.7988,28.684,22.947,36.783,367.829,368.083,3.683
1.75,Zheleznogorsk,10.0,0.0,2374.66275,36.69,0.3414,1.7988,28.684,22.947,36.784,367.841,368.096,7.921
1.75,Khabarovsk,10.0,0.0,2286.24675,37.02,0.3287,1.7988,28.684,22.947,36.784,367.84,368.094,7.626
1.8333333333333333,Vladimir,2.0,0.0,1656.93675,39.81,0.2384,1.7988,28.684,22.947,36.783,367.833,368.088,5.527
1.8333333333333333,Zheleznogorsk,9.0,0.0,1537.238875,40.47,0.2209,1.7988,28.684,22.947,36.783,367.832,368.086,5.128
1.8333333333333333,Khabarovsk,32.0,0.0,1715.37825,39.51,0.2467,1.7988,28.684,22.947,36.783,367.833,368.088,5.722
1.9166666666666667,Vladimir,1.0,0.0,1833.755375,38.93,0.2638,1.7988,28.684,22.947,36.783,367.835,368.089,6.117
1.9166666666666667,Zheleznogorsk,9.0,0.0,1508.832875,40.63,0.2169,1.7988,28.684,22.947,36.783,367.832,368.086,5.033
1.9166666666666667,Khabarovsk,9.0,0.0,2195.2025,37.37,0.3157,1.7988,28.684,22.947,36.784,367.839,368.093,7.322
2.0,Vladimir,1.0,0.0,866.3871875,45.45,0.1245,1.7988,28.684,22.947,36.783,367.827,368.082,2.89
2.0,Zheleznogorsk,8.0,0.0,2267.60575,37.09,0.326,1.7988,28.684,22.947,36.784,367.84,368.094,7.564
2.0,Khabarovsk,39.0,0.0,2399.37075,36.6,0.3449,1.7988,28.684,22.947,36.784,367.841,368.096,8.003
2.0833333333333335,Vladimir,1.0,0.0,2684.08475,35.63,0.3857,1.7988,28.684,22.947,36.785,367.845,368.1,8.953
2.0833333333333335,Zheleznogorsk,8.0,0.0,947.0954375,44.67,0.1362,1.7988,28.684,22.947,36.783,367.828,368.082,3.159
2.0833333333333335,Khabarovsk,39.0,0.0,1900.498125,38.62,0.2734,1.7988,28.684,22.947,36.784,367.835,368.09,6.339
2.1666666666666665,Vladimir,0.0,0.0,840.3294375,45.71,0.1208,1.7988,28.684,22.947,36.783,367.827,368.082,2.803
2.1666666666666665,Zheleznogorsk,8.0,0.0,2375.706,36.69,0.3414,1.7988,28.684,22.947,36.784,367.841,368.096,7.925
2.1666666666666665,Khabarovsk,16.0,0.0,2370.79775,36.7,0.341,1.7988,28.684,22.947,36.784,367.841,368.096,7.908
2.25,Vladimir,0.0,0.0,1761.92625,39.28,0.2534,1.7988,28.684,22.947,36.783,367.834,368.089,5.877
2.25,Zheleznogorsk,15.0,0.0,1228.650625,42.41,0.1767,1.7988,28.684,22.947,36.783,367.829,368.084,4.098
2.25,Khabarovsk,38.0,0.0,2088.76025,37.8,0.3004,1.7988,28.684,22.947,36.784,367.837,368.092,6.967
2.3333333333333335,Vladimir,7.0,0.0,1607.10125,40.08,0.2311,1.7988,28.684,22.947,36.783,367.832,368.087,5.361
2.3333333333333335,Zheleznogorsk,15.0,0.0,1462.0495,40.9,0.2102,1.7988,28.684,22.947,36.783,367.831,368.086,4.877
2.3333333333333335,Khabarovsk,38.0,0.0,2579.38025,35.97,0.3709,1.7988,28.684,22.947,36.784,367.844,368.098,8.604
2.4166666666666665,Vladimir,7.0,0.0,940.7976875,44.73,0.1353,1.7988,28.684,22.947,36.783,367.828,368.082,3.138
2.4166666666666665,Zheleznogorsk,14.0,0.0,2018.586125,38.1,0.2902,1.7988,28.684,22.947,36.784,367.837,368.091,6.733
2.4166666666666665,Khabarovsk,23.0,0.0,2007.4455,38.15,0.2886,1.7988,28.684,22.947,36.784,367.836,368.091,6.696
2.5,Vladimir,28.0,0.0,2484.26975,36.3,0.3571,1.7988,28.684,22.947,36.784,367.842,368.097,8.287
2.5,Zheleznogorsk,14.0,0.0,755.069,46.64,0.1086,1.7988,28.684,22.947,36.783,367.827,368.081,2.519
2.5,Khabarovsk,37.0,0.0,2312.19,36.92,0.3325,1.7988,28.684,22.947,36.784,367.84,368.095,7.713
2.5833333333333335,Vladimir,6.0,0.0,750.6566875,46.69,0.108,1.7988,28.684,22.947,36.783,367.827,368.081,2.504
2.5833333333333335,Zheleznogorsk,14.0,0.0,2480.847,36.31,0.3566,1.7988,28.684,22.947,36.784,367.842,368.097,8.275
2.5833333333333335,Khabarovsk,22.0,0.0,1970.3215,38.31,0.2833,1.7988,28.684,22.947,36.784,367.836,368.091,6.572
2.6666666666666665,Vladimir,6.0,0.0,1997.465,38.19,0.2872,1.7988,28.684,22.947,36.784,367.836,368.091,6.663
2.6666666666666665,Zheleznogorsk,13.0,0.0,974.3143125,44.43,0.14,1.7988,28.684,22.947,36.783,367.828,368.082,3.25
2.6666666666666665,Khabarovsk,22.0,0.0,2192.90725,37.38,0.3153,1.7988,28.684,22.947,36.784,367.839,368.093,7.315
2.75,Vladimir,27.0,0.0,1355.074375,41.56,0.1949,1.7988,28.684,22.947,36.783,367.83,368.085,4.52
2.75,Zheleznogorsk,13.0,0.0,1569.15175,40.29,0.2255,1.7988,28.684,22.947,36.783,367.832,368.087,5.234
2.75,Khabarovsk,43.0,0.0,2215.7235,37.29,0.3186,1.7988,28.684,22.947,36.784,367.839,368.094,7.391
2.8333333333333335,Vladimir,27.0,0.0,1172.369,42.82,0.1686,1.7988,28.684,22.947,36.783,367.829,368.084,3.911
2.8333333333333335,Zheleznogorsk,12.0,0.0,1798.783,39.1,0.2587,1.7988,28.684,22.947,36.783,367.834,368.089,6.0
2.8333333333333335,Khabarovsk,21.0,0.0,1607.804625,40.08,0.2311,1.7988,28.684,22.947,36.783,367.832,368.087,5.363
2.9166666666666665,Vladimir,26.0,0.0,2226.589,37.25,0.3201,1.7988,28.684,22.947,36.784,367.839,368.094,7.427
2.9166666666666665,Zheleznogorsk,12.0,0.0,810.4873125,46.03,0.1165,1.7988,28.684,22.947,36.783,367.827,368.082,2.703
2.9166666666666665,Khabarovsk,42.0,0.0,2411.0125,36.56,0.3465,1.7988,28.684,22.947,36.784,367.841,368.096,8.042
3.0,Vladimir,26.0,0.0,655.16925,47.87,0.0942,1.7988,28.684,22.947,36.783,367.826,368.081,2.185
3.0,Zheleznogorsk,12.0,0.0,2686.93425,35.62,0.3861,1.7988,28.684,22.947,36.785,367.845,368.1,8.963
3.0,Khabarovsk,20.0,0.0,1555.6765,40.36,0.2237,1.7988,28.684,22.947,36.783,367.832,368.087,5.189
3.0833333333333335,Vladimir,26.0,0.0,2243.8965,37.18,0.3227,1.7988,28.684,22.947,36.784,367.839,368.094,7.485
3.0833333333333335,Zheleznogorsk,34.0,0.0,847.9545625,45.63,0.122,1.7988,28.684,22.947,36.783,367.827,368.082,2.828
3.0833333333333335,Khabarovsk,20.0,0.0,1957.856375,38.37,0.2813,1.7988,28.684,22.947,36.784,367.836,368.091,6.531
3.1666666666666665,Vladimir,25.0,0.0,1184.4775,42.73,0.1703,1.7988,28.684,22.947,36.783,367.829,368.084,3.951
3.1666666666666665,Zheleznogorsk,11.0,0.0,1817.386,39.01,0.2614,1.7988,28.684,22.947,36.783,367.834,368.089,6.062
3.1666666666666665,Khabarovsk,41.0,0.0,1723.955875,39.47,0.2479,1.7988,28.684,22.947,36.783,367.833,368.088,5.75
3.25,Vladimir,25.0,0.0,1380.913875,41.4,0.1985,1.7988,28.684,22.947,36.783,367.831,368.085,4.606
3.25,Zheleznogorsk,33.0,0.0,1558.69425,40.35,0.224,1.7988,28.684,22.947,36.783,367.832,368.087,5.199
3.25,Khabarovsk,19.0,0.0,1249.802625,42.26,0.1798,1.7988,28.684,22.947,36.783,367.83,368.084,4.169
3.3333333333333335,Vladimir,24.0,0.0,2074.8415,37.86,0.2984,1.7988,28.684,22.947,36.784,367.837,368.092,6.921
3.3333333333333335,Zheleznogorsk,33.0,0.0,983.0906875,44.35,0.1413,1.7988,28.684,22.947,36.783,367.828,368.083,3.279
3.3333333333333335,Khabarovsk,40.0,0.0,1857.16725,38.82,0.2671,1.7988,28.684,22.947,36.783,367.835,368.089,6.195
3.4166666666666665,Vladimir,24.0,0.0,830.61375,45.81,0.1195,1.7988,28.684,22.947,36.783,367.827,368.082,2.771
3.4166666666666665,Zheleznogorsk,32.0,0.0,2451.09675,36.41,0.3526,1.7988,28.684,22.947,36.784,367.842,368.097,8.176
3.4166666666666665,Khabarovsk,18.0,0.0,1146.947125,43.01,0.1649,1.7988,28.684,22.947,36.783,367.829,368.083,3.826
3.5,Vladimir,24.0,0.0,2473.38525,36.34,0.3554,1.7988,28.684,22.947,36.784,367.842,368.097,8.25
3.5,Zheleznogorsk,32.0,0.0,699.6743125,47.3,0.1006,1.7988,28.684,22.947,36.783,367.827,368.081,2.334
3.5,Khabarovsk,18.0,0.0,1846.083375,38.88,0.2653,1.7988,28.684,22.947,36.783,367.835,368.089,6.158
3.5833333333333335,Vladimir,31.0,0.0,1200.10025,42.62,0.1725,1.7988,28.684,22.947,36.783,367.829,368.084,4.003
3.5833333333333335,Zheleznogorsk,32.0,0.0,2023.430375,38.08,0.2909,1.7988,28.684,22.947,36.784,367.837,368.091,6.749
3.5833333333333335,Khabarovsk,47.0,0.0,1304.137375,41.89,0.1876,1.7988,28.684,22.947,36.783,367.83,368.085,4.35
3.6666666666666665,Vladimir,31.0,0.0,1654.418125,39.83,0.2378,1.7988,28.684,22.947,36.783,367.833,368.087,5.519
3.6666666666666665,Zheleznogorsk,39.0,0.0,1392.11225,41.33,0.2001,1.7988,28.684,22.947,36.783,367.831,368.085,4.644
3.6666666666666665,Khabarovsk,17.0,0.0,1017.756875,44.05,0.1463,1.7988,28.684,22.947,36.783,367.828,368.083,3.395
3.75,Vladimir,30.0,0.0,2041.19025,38.0,0.2936,1.7988,28.684,22.947,36.784,367.837,368.092,6.809
3.75,Zheleznogorsk,39.0,0.0,1194.85525,42.65,0.1719,1.7988,28.684,22.947,36.783,367.829,368.084,3.986
3.75,Khabarovsk,46.0,0.0,1339.853625,41.66,0.1926,1.7988,28.684,22.947,36.783,367.83,368.085,4.469
3.8333333333333335,Vladimir,30.0,0.0,1144.189375,43.03,0.1645,1.7988,28.684,22.947,36.783,367.829,368.083,3.817
3.8333333333333335,Zheleznogorsk,38.0,0.0,2304.2295,36.95,0.3313,1.7988,28.684,22.947,36.784,367.84,368.095,7.686
3.8333333333333335,Khabarovsk,16.0,0.0,803.217875,46.1,0.1155,1.7988,28.684,22.947,36.783,367.827,368.082,2.679
3.9166666666666665,Vladimir,15.0,0.0,2422.25975,36.52,0.3481,1.7988,28.684,22.947,36.784,367.842,368.096,8.08
3.9166666666666665,Zheleznogorsk,38.0,0.0,830.709375,45.81,0.1195,1.7988,28.684,22.947,36.783,367.827,368.082,2.771
3.9166666666666665,Khabarovsk,16.0,0.0,1896.764375,38.64,0.2727,1.7988,28.684,22.947,36.784,367.835,368.09,6.327
4.0,Vladimir,29.0,0.0,1374.868375,41.44,0.1976,1.7988,28.684,22.947,36.783,367.83,368.085,4.586
4.0,Zheleznogorsk,38.0,0.0,2260.48925,37.12,0.3249,1.7988,28.684,22.947,36.784,367.839,368.094,7.54
4.0,Khabarovsk,45.0,0.0,1027.6940625,43.96,0.1478,1.7988,28.684,22.947,36.783,367.828,368.083,3.428
4.083333333333333,Vladimir,29.0,0.0,1949.172125,38.4,0.2804,1.7988,28.684,22.947,36.784,367.836,368.09,6.502
4.083333333333333,Zheleznogorsk,37.0,0.0,1387.852,41.35,0.1996,1.7988,28.684,22.947,36.783,367.831,368.085,4.629
4.083333333333333,Khabarovsk,23.0,0.0,1036.5749375,43.89,0.149,1.7988,28.684,22.947,36.783,367.828,368.083,3.458
4.166666666666667,Vladimir,28.0,0.0,2118.346,37.68,0.3046,1.7988,28.684,22.947,36.784,367.838,368.092,7.066
4.166666666666667,Zheleznogorsk,37.0,0.0,1483.286375,40.78,0.2132,1.7988,28.684,22.947,36.783,367.831,368.086,4.948
4.166666666666667,Khabarovsk,44.0,0.0,904.7941875,45.07,0.1301,1.7988,28.684,22.947,36.783,367.827,368.082,3.018
4.25,Vladimir,28.0,0.0,1490.744125,40.73,0.2144,1.7988,28.684,22.947,36.783,367.831,368.086,4.973
4.25,Zheleznogorsk,36.0,0.0,2265.4845,37.1,0.3256,1.7988,28.684,22.947,36.784,367.84,368.094,7.557
4.25,Khabarovsk,22.0,0.0,692.983875,47.39,0.0996,1.7988,28.684,22.947,36.783,367.826,368.081,2.312
4.333333333333333,Vladimir,13.0,0.0,2135.49275,37.61,0.3071,1.7988,28.684,22.947,36.784,367.838,368.093,7.123
4.333333333333333,Zheleznogorsk,36.0,0.0,1122.966125,43.19,0.1615,1.7988,28.684,22.947,36.783,367.829,368.083,3.746
4.333333333333333,Khabarovsk,43.0,0.0,1568.50075,40.29,0.2255,1.7988,28.684,22.947,36.783,367.832,368.087,5.232
4.416666666666667,Vladimir,27.0,0.0,1640.071875,39.9,0.2359,1.7988,28.684,22.947,36.783,367.833,368.087,5.471
4.416666666666667,Zheleznogorsk,21.0,0.0,2313.51,36.92,0.3325,1.7988,28.684,22.947,36.784,367.84,368.095,7.717
4.416666666666667,Khabarovsk,43.0,0.0,993.8781875,44.25,0.143,1.7988,28.684,22.947,36.783,367.828,368.083,3.315
4.5,Vladimir,12.0,0.0,1822.227,38.99,0.262,1.7988,28.684,22.947,36.783,367.834,368.089,6.078
4.5,Zheleznogorsk,35.0,0.0,1528.741375,40.51,0.2199,1.7988,28.684,22.947,36.783,367.832,368.086,5.099
4.5,Khabarovsk,21.0,0.0,1318.044375,41.8,0.1896,1.7988,28.684,22.947,36.783,367.83,368.085,4.397
4.583333333333333,Vladimir,26.0,0.0,2281.76525,37.04,0.3279,1.7988,28.684,22.947,36.784,367.84,368.094,7.611
4.583333333333333,Zheleznogorsk,35.0,0.0,1794.02475,39.12,0.2581,1.7988,28.684,22.947,36.783,367.834,368.089,5.984
4.583333333333333,Khabarovsk,42.0,0.0,689.140125,47.43,0.0991,1.7988,28.684,22.947,36.783,367.826,368.081,2.299
4.666666666666667,Vladimir,26.0,0.0,1833.536,38.94,0.2635,1.7988,28.684,22.947,36.783,367.835,368.089,6.116
4.666666666666667,Zheleznogorsk,34.0,0.0,2328.6855,36.86,0.3348,1.7988,28.684,22.947,36.784,367.84,368.095,7.768
4.666666666666667,Khabarovsk,20.0,0.0,940.32925,44.74,0.1351,1.7988,28.684,22.947,36.783,367.828,368.082,3.137
4.75,Vladimir,11.0,0.0,1866.509875,38.78,0.2684,1.7988,28.684,22.947,36.783,367.835,368.09,6.226
4.75,Zheleznogorsk,34.0,0.0,1462.28025,40.9,0.2102,1.7988,28.684,22.947,36.783,367.831,368.086,4.878
4.75,Khabarovsk,41.0,0.0,1379.098875,41.41,0.1983,1.7988,28.684,22.947,36.783,367.83,368.085,4.6
4.833333333333333,Vladimir,25.0,0.0,1942.106125,38.44,0.2791,1.7988,28.684,22.947,36.784,367.836,368.09,6.478
4.833333333333333,Zheleznogorsk,19.0,0.0,2015.490875,38.11,0.2899,1.7988,28.684,22.947,36.784,367.837,368.091,6.723
4.833333333333333,Khabarovsk,41.0,0.0,1198.238625,42.63,0.1723,1.7988,28.684,22.947,36.783,367.829,368.084,3.997
4.916666666666667,Vladimir,10.0,0.0,1483.052,40.78,0.2132,1.7988,28.684,22.947,36.783,367.831,368.086,4.947
4.916666666666667,Zheleznogorsk,33.0,0.0,1762.972875,39.28,0.2534,1.7988,28.684,22.947,36.783,367.834,368.089,5.881
4.916666666666667,Khabarovsk,19.0,0.0,1753.04125,39.33,0.2519,1.7988,28.684,22.947,36.783,367.834,368.088,5.848
5.0,Vladimir,10.0,0.0,2469.044,36.35,0.355,1.7988,28.684,22.947,36.784,367.842,368.097,8.236
5.0,Zheleznogorsk,18.0,0.0,1812.8765,39.03,0.2608,1.7988,28.684,22.947,36.783,367.834,368.089,6.047
5.0,Khabarovsk,40.0,0.0,841.9829375,45.7,0.121,1.7988,28.684,22.947,36.783,367.827,368.082,2.809
5.083333333333333,Vladimir,9.0,0.0,1723.0005,39.48,0.2476,1.7988,28.684,22.947,36.783,367.833,368.088,5.747
5.083333333333333,Zheleznogorsk,18.0,0.0,2421.68975,36.52,0.3481,1.7988,28.684,22.947,36.784,367.842,368.096,8.078
5.083333333333333,Khabarovsk,18.0,0.0,1382.583625,41.39,0.1987,1.7988,28.684,22.947,36.783,367.831,368.085,4.612
5.166666666666667,Vladimir,9.0,0.0,1645.523375,39.88,0.2364,1.7988,28.684,22.947,36.783,367.833,368.087,5.489
5.166666666666667,Zheleznogorsk,32.0,0.0,1804.002375,39.08,0.2593,1.7988,28.684,22.947,36.783,367.834,368.089,6.018
5.166666666666667,Khabarovsk,47.0,0.0,1404.851375,41.25,0.2019,1.7988,28.684,22.947,36.783,367.831,368.085,4.686
5.25,Vladimir,31.0,0.0,2250.89325,37.15,0.3238,1.7988,28.684,22.947,36.784,367.839,368.094,7.508
5.25,Zheleznogorsk,17.0,0.0,1729.541125,39.44,0.2487,1.7988,28.684,22.947,36.783,367.834,368.088,5.769
5.25,Khabarovsk,47.0,0.0,1527.138625,40.52,0.2197,1.7988,28.684,22.947,36.783,367.832,368.086,5.094
5.333333333333333,Vladimir,8.0,0.0,1151.212,42.98,0.1655,1.7988,28.684,22.947,36.783,367.829,368.084,3.84
5.333333333333333,Zheleznogorsk,39.0,0.0,2042.633125,38.0,0.2936,1.7988,28.684,22.947,36.784,367.837,368.092,6.813
5.333333333333333,Khabarovsk,17.0,0.0,2262.709,37.11,0.3253,1.7988,28.684,22.947,36.784,367.84,368.094,7.548
5.416666666666667,Vladimir,8.0,0.0,2408.25875,36.57,0.3461,1.7988,28.684,22.947,36.784,367.841,368.096,8.033
5.416666666666667,Zheleznogorsk,16.0,0.0,1470.61425,40.85,0.2115,1.7988,28.684,22.947,36.783,367.831,368.086,4.905
5.416666666666667,Khabarovsk,46.0,0.0,1206.843625,42.57,0.1735,1.7988,28.684,22.947,36.783,367.829,368.084,4.026
5.5,Vladimir,15.0,0.0,1400.744375,41.27,0.2015,1.7988,28.684,22.947,36.783,367.831,368.085,4.672
5.5,Zheleznogorsk,16.0,0.0,2271.04525,37.08,0.3264,1.7988,28.684,22.947,36.784,367.84,368.094,7.575
5.5,Khabarovsk,16.0,0.0,1898.966375,38.63,0.273,1.7988,28.684,22.947,36.784,367.835,368.09,6.334
5.583333333333333,Vladimir,15.0,0.0,1516.25925,40.59,0.2179,1.7988,28.684,22.947,36.783,367.832,368.086,5.058
5.583333333333333,Zheleznogorsk,23.0,0.0,1839.3825,38.91,0.2644,1.7988,28.684,22.947,36.783,367.835,368.089,6.136
5.583333333333333,Khabarovsk,45.0,0.0,1617.1415,40.03,0.2324,1.7988,28.684,22.947,36.783,367.832,368.087,5.394
5.666666666666667,Vladimir,14.0,0.0,2140.3715,37.59,0.3078,1.7988,28.684,22.947,36.784,367.838,368.093,7.14
5.666666666666667,Zheleznogorsk,23.0,0.0,1486.311375,40.76,0.2137,1.7988,28.684,22.947,36.783,367.831,368.086,4.958
5.666666666666667,Khabarovsk,45.0,0.0,1898.054,38.63,0.273,1.7988,28.684,22.947,36.784,367.835,368.09,6.331
5.75,Vladimir,14.0,0.0,874.9755625,45.36,0.1258,1.7988,28.684,22.947,36.783,367.827,368.082,2.919
5.75,Zheleznogorsk,37.0,0.0,2336.7515,36.83,0.3359,1.7988,28.684,22.947,36.784,367.84,368.095,7.795
5.75,Khabarovsk,44.0,0.0,2408.1075,36.57,0.3461,1.7988,28.684,22.947,36.784,367.841,368.096,8.033
5.833333333333333,Vladimir,14.0,0.0,2444.7735,36.44,0.3513,1.7988,28.684,22.947,36.784,367.842,368.097,8.155
5.833333333333333,Zheleznogorsk,22.0,0.0,1128.21175,43.15,0.1623,1.7988,28.684,22.947,36.783,367.829,368.083,3.763
5.833333333333333,Khabarovsk,44.0,0.0,1626.549625,39.98,0.2337,1.7988,28.684,22.947,36.783,367.833,368.087,5.426
5.916666666666667,Vladimir,13.0,0.0,1100.157875,43.37,0.1582,1.7988,28.684,22.947,36.783,367.829,368.083,3.67
5.916666666666667,Zheleznogorsk,22.0,0.0,2203.07725,37.34,0.3168,1.7988,28.684,22.947,36.784,367.839,368.093,7.349
5.916666666666667,Khabarovsk,22.0,0.0,2449.4995,36.42,0.3522,1.7988,28.684,22.947,36.784,367.842,368.097,8.171
